GEOID,NAME,estimate_2011-2015,estimate_2016-2020,moe_2011-2015,moe_2016-2020,change,se_1,se_2,se_diff,moe_diff,z,significant,geometry
06075010300,"Census Tract 103, San Francisco County, California",141024,188371,41686,22589,47347,25341.033434650457,13731.91489361702,28822.44719279772,47412.925632152255,1.6427126983107554,FALSE,"list(list(c(-122.418718, -122.416888, -122.414877, -122.412908, -122.412849, -122.412471, -122.412283, -122.417218, -122.417385, -122.417587, -122.417799, -122.418281, -122.418718, 37.805932, 37.805212, 37.803542, 37.802184, 37.801893, 37.800032, 37.799096, 37.798472, 37.799414, 37.800341, 37.801267, 37.804023, 37.805932)))"
06075010500,"Census Tract 105, San Francisco County, California",151799,189742,27298,25538,37943,16594.52887537994,15524.620060790274,22724.26493041547,37381.41581053345,1.6697129749272943,TRUE,"list(list(c(-122.405174, -122.403495, -122.401787, -122.399638840473, -122.398139, -122.394407919349, -122.389708268207, -122.391487, -122.393181, -122.394748, -122.396315, -122.396586, -122.400149, -122.400681, -122.402041, -122.402421, -122.40279, -122.40316, -122.404798, -122.405174, 37.804763, 37.805089, 37.805314, 37.8065658502084, 37.80563, 37.8012904644048, 37.7958244063587, 37.793859, 37.79323, 37.79448, 37.793337, 37.794588, 37.794134, 37.796777, 37.797505, 37.799382, 37.801242, 37.803098, 
37.802901, 37.804763)))"
06075010600,"Census Tract 106, San Francisco County, California",72294,98899,12457,15512,26605,7572.644376899696,9429.787234042553,12094.041100405706,19894.697610167386,2.1998436898901814,TRUE,"list(list(c(-122.411019, -122.40777, -122.406199, -122.406024, -122.405645, -122.402421, -122.402041, -122.405513, -122.406668, -122.407083, -122.407869, -122.409014, -122.411376, -122.411019, 37.80117, 37.801571, 37.80172, 37.800835, 37.798969, 37.799382, 37.797505, 37.797065, 37.797865, 37.798152, 37.798697, 37.79949, 37.801125, 37.80117)))"
06075010800,"Census Tract 108, San Francisco County, California",109480,182109,14718,33752,72629,8947.112462006078,20517.933130699086,22383.842417324682,36821.4207764991,3.244706545279576,TRUE,"list(list(c(-122.417218, -122.412283, -122.411911, -122.411719, -122.411364, -122.415218, -122.416292, -122.416473, -122.416653, -122.416839, -122.417218, 37.798472, 37.799096, 37.797245, 37.796291, 37.794527, 37.794029, 37.793892, 37.794777, 37.79567, 37.796596, 37.798472)))"
06075011200,"Census Tract 112, San Francisco County, California",186509,192950,86141,23854,6441,52365.349544072946,14500.911854103344,54336.04952030848,89382.80146090745,0.11854008631217533,FALSE,"list(list(c(-122.416292, -122.415218, -122.411364, -122.409722, -122.409541, -122.409171, -122.412461, -122.41575, -122.415936, -122.416113, -122.416292, 37.793892, 37.794029, 37.794527, 37.794737, 37.793852, 37.792043, 37.791627, 37.791206, 37.792133, 37.793014, 37.793892)))"
06075011300,"Census Tract 113, San Francisco County, California",69536,77411,16060,13434,7875,9762.917933130699,8166.565349544073,12728.211036018332,20937.90715425016,0.6187043864778247,FALSE,"list(list(c(-122.411719, -122.408431, -122.408253, -122.407903, -122.407536, -122.409171, -122.409541, -122.409722, -122.411364, -122.411719, 37.796291, 37.796704, 37.795824, 37.79406, 37.792249, 37.792043, 37.793852, 37.794737, 37.794527, 37.796291)))"
06075011700,"Census Tract 117, San Francisco County, California",83411,120028,22792,25347,36617,13855.31914893617,15408.510638297872,20721.77764597951,34087.324227636294,1.7670781255151882,TRUE,"list(list(c(-122.408786, -122.407149, -122.40734, -122.407536, -122.404418, -122.404613, -122.400149, -122.396586, -122.396315, -122.399195, -122.406062, -122.407451, -122.407853, -122.408227, -122.408402, -122.408786, 37.79016, 37.790366, 37.791296, 37.792249, 37.792639, 37.793565, 37.794134, 37.794588, 37.793337, 37.791058, 37.785757, 37.784604, 37.785492, 37.787359, 37.788293, 37.79016)))"
06075011800,"Census Tract 118, San Francisco County, California",44668,62937,11017,11313,18269,6697.26443768997,6877.203647416413,9599.44170024405,15791.081596901462,1.9031315122769632,TRUE,"list(list(c(-122.407903, -122.404796, -122.404613, -122.404418, -122.407536, -122.407903, 37.79406, 37.794453, 37.793565, 37.792639, 37.792249, 37.79406)))"
06075011901,"Census Tract 119.01, San Francisco County, California",98242,152158,12555,32982,53916,7632.218844984803,20049.84802431611,21453.372002925644,35290.79694481268,2.5131713556566937,TRUE,"list(list(c(-122.41575, -122.412461, -122.412266, -122.412076, -122.415372, -122.415559, -122.41575, 37.791206, 37.791627, 37.790673, 37.78974, 37.78932, 37.790254, 37.791206)))"
06075011902,"Census Tract 119.02, San Francisco County, California",83683,106352,11747,17713,22669,7141.033434650456,10767.781155015198,12920.505776365573,21254.232002121367,1.754497880529302,TRUE,"list(list(c(-122.412461, -122.409171, -122.407536, -122.40734, -122.407149, -122.408786, -122.412076, -122.412266, -122.412461, 37.791627, 37.792043, 37.792249, 37.791296, 37.790366, 37.79016, 37.78974, 37.790673, 37.791627)))"
06075012100,"Census Tract 121, San Francisco County, California",71466,104544,14828,14953,33078,9013.981762917932,9089.969604863221,12801.539541772088,21058.532546215087,2.5839079660742965,TRUE,"list(list(c(-122.415372, -122.412076, -122.408786, -122.408402, -122.411699, -122.413354, -122.414995, -122.415185, -122.415372, 37.78932, 37.78974, 37.79016, 37.788293, 37.787872, 37.787664, 37.787454, 37.788388, 37.78932)))"
06075012202,"Census Tract 122.02, San Francisco County, California",54412,86376,14213,30373,31964,8640.121580547113,18463.82978723404,20385.40437024949,33533.99018906041,1.5679845942447108,FALSE,"list(list(c(-122.421461, -122.418271, -122.417901, -122.417707, -122.421069, -122.421256, -122.421461, 37.786632, 37.787038, 37.785167, 37.784236, 37.783816, 37.784745, 37.786632)))"
06075012301,"Census Tract 123.01, San Francisco County, California",23216,46000,4172,12815,22784,2536.1702127659573,7790.273556231003,8192.711482106113,13477.010388064557,2.7810084670701576,TRUE,"list(list(c(-122.414617, -122.41297, -122.411326, -122.411516, -122.408227, -122.407853, -122.41114, -122.412782, -122.41443, -122.414617, 37.785582, 37.78579, 37.785996, 37.78694, 37.787359, 37.785492, 37.785075, 37.784866, 37.784657, 37.785582)))"
06075012302,"Census Tract 123.02, San Francisco County, California",54330,65384,9888,9009,11054,6010.942249240122,5476.595744680851,8131.698941448601,13376.644758682949,1.359371526121799,FALSE,"list(list(c(-122.414995, -122.413354, -122.411699, -122.408402, -122.408227, -122.411516, -122.411326, -122.41297, -122.414617, -122.414995, 37.787454, 37.787664, 37.787872, 37.788293, 37.787359, 37.78694, 37.785996, 37.78579, 37.785582, 37.787454)))"
06075012502,"Census Tract 125.02, San Francisco County, California",21468,36959,4476,7286,15491,2720.9726443768996,4429.179331306991,5198.203697463621,8551.045082327657,2.980067904526054,TRUE,"list(list(c(-122.41443, -122.412782, -122.41114, -122.410952, -122.410765, -122.414054, -122.414242, -122.41443, 37.784657, 37.784866, 37.785075, 37.784141, 37.783214, 37.782794, 37.783724, 37.784657)))"
06075012601,"Census Tract 126.01, San Francisco County, California",140503,212473,16528,23490,71970,10047.41641337386,14279.635258358663,17460.199302857178,28722.02785320006,4.121946075851658,TRUE,"list(list(c(-122.441905, -122.437138, -122.436799, -122.436274, -122.441177, -122.441368, -122.441754, -122.441905, 37.803744, 37.804352, 37.802715, 37.800814, 37.80019, 37.801126, 37.802985, 37.803744)))"
06075012602,"Census Tract 126.02, San Francisco County, California",163964,253369,19841,41744,89405,12061.398176291794,25376.29179331307,28096.859453441113,46219.33380091063,3.1820282315947694,TRUE,"list(list(c(-122.441883, -122.439690935158, -122.425942, -122.425041162157, -122.424876, -122.426671, -122.426613, -122.426257, -122.425628, -122.425209, -122.430045, -122.431679, -122.436799, -122.437138, -122.441905, -122.441883, 37.80731, 37.8086811541357, 37.810979, 37.811001508766, 37.810799, 37.809639, 37.808152, 37.807185, 37.806456, 37.804133, 37.803518, 37.803267, 37.802715, 37.804352, 37.803744, 37.80731)))"
06075012700,"Census Tract 127, San Francisco County, California",147886,259448,23084,80487,111562,14032.826747720364,48928.26747720365,50900.84070869871,83731.88296580939,2.1917516183762085,TRUE,"list(list(c(-122.448241, -122.448241130218, -122.439690935158, -122.441883, -122.441905, -122.441754, -122.441368, -122.441177, -122.447466, -122.44782, -122.44946, -122.448241, 37.804478, 37.8072521685356, 37.8086811541357, 37.80731, 37.803744, 37.802985, 37.801126, 37.80019, 37.79939, 37.801633, 37.802454, 37.804478)))"
06075012901,"Census Tract 129.01, San Francisco County, California",166463,231259,19543,29135,64796,11880.243161094224,17711.246200607904,21326.706720571605,35082.43255534029,3.038256250670817,TRUE,"list(list(c(-122.430045, -122.425209, -122.424835, -122.424464, -122.42929, -122.429667, -122.430045, 37.803518, 37.804133, 37.802268, 37.800402, 37.799788, 37.801654, 37.803518)))"
06075012902,"Census Tract 129.02, San Francisco County, California",130766,184801,16038,26487,54035,9749.544072948329,16101.519756838905,18823.191762032162,30964.150448542907,2.87066086788707,TRUE,"list(list(c(-122.436799, -122.431679, -122.430045, -122.429667, -122.42929, -122.424464, -122.424275, -122.427457, -122.430747, -122.432393, -122.434036, -122.435678, -122.436274, -122.436799, 37.802715, 37.803267, 37.803518, 37.801654, 37.799788, 37.800402, 37.799472, 37.799067, 37.798648, 37.798439, 37.79823, 37.798021, 37.800814, 37.802715)))"
06075013101,"Census Tract 131.01, San Francisco County, California",165316,226678,25104,41918,61362,15260.790273556231,25482.06686930091,29702.313911629706,48860.306384630865,2.0658996528877904,TRUE,"list(list(c(-122.426893, -122.423705, -122.423481, -122.423283, -122.423143, -122.422801, -122.422611, -122.425802, -122.426335, -122.426893, 37.796272, 37.796678, 37.795739, 37.79481, 37.793923, 37.792161, 37.791277, 37.790874, 37.793517, 37.796272)))"
06075013102,"Census Tract 131.02, San Francisco County, California",159044,263713,35822,42872,104669,21776.29179331307,26062.006079027356,33962.25912878549,55867.91626685213,3.081921011293545,TRUE,"list(list(c(-122.430183, -122.426893, -122.426335, -122.425802, -122.422611, -122.42242, -122.425616, -122.428905, -122.42927, -122.429625, -122.430183, 37.795854, 37.796272, 37.793517, 37.790874, 37.791277, 37.790358, 37.789952, 37.789534, 37.791339, 37.793098, 37.795854)))"
06075013200,"Census Tract 132, San Francisco County, California",269813,296759,45809,52275,26946,27847.41641337386,31778.11550151976,42253.13273270722,69506.40334530338,0.6377278619897855,FALSE,"list(list(c(-122.446728, -122.440234, -122.438591, -122.43695, -122.435113, -122.433469, -122.430183, -122.429625, -122.434558, -122.436204, -122.437846, -122.439488, -122.446117, -122.4463, -122.446728, 37.794706, 37.795533, 37.795741, 37.795949, 37.795226, 37.795435, 37.795854, 37.793098, 37.792472, 37.792263, 37.792054, 37.791843, 37.790999, 37.791879, 37.794706)))"
06075013300,"Census Tract 133, San Francisco County, California",221546,282307,26413,43329,60761,16056.534954407294,26339.81762917933,30847.987089606504,50744.9387624027,1.9696909177089217,TRUE,"list(list(c(-122.459476, -122.45274, -122.4463, -122.446117, -122.445934, -122.445758, -122.445589, -122.445402, -122.450118, -122.454774, -122.45505, -122.459179, -122.459388, -122.459476, 37.789711, 37.790974, 37.791879, 37.790999, 37.790119, 37.789248, 37.788364, 37.787438, 37.786838, 37.786244, 37.786209, 37.785682, 37.788405, 37.789711)))"
06075013500,"Census Tract 135, San Francisco County, California",147092,202486,19837,28494,55394,12058.966565349543,17321.580547112462,21105.824486959118,34719.08128104775,2.624583561482134,TRUE,"list(list(c(-122.436204, -122.434558, -122.429625, -122.42927, -122.428905, -122.43384, -122.435486, -122.435849, -122.436204, 37.792263, 37.792472, 37.793098, 37.791339, 37.789534, 37.788906, 37.788697, 37.790502, 37.792263)))"
06075015100,"Census Tract 151, San Francisco County, California",102631,157702,10525,21296,55071,6398.176291793313,12945.896656534955,14440.66827063585,23754.899305195973,3.813604673128823,TRUE,"list(list(c(-122.425616, -122.42242, -122.422237, -122.422077, -122.421858, -122.421461, -122.421256, -122.422838, -122.424678, -122.424704, -122.425047, -122.425616, 37.789952, 37.790358, 37.789399, 37.788474, 37.787535, 37.786632, 37.784745, 37.784547, 37.785291, 37.785418, 37.78713, 37.789952)))"
06075015300,"Census Tract 153, San Francisco County, California",159911,189007,24347,30888,29096,14800.607902735563,18776.899696048633,23908.78408631417,39329.949821986804,1.2169585828772902,FALSE,"list(list(c(-122.443753, -122.440488, -122.438773, -122.435486, -122.434918, -122.436557, -122.438206, -122.443183, -122.44337, -122.443753, 37.787647, 37.788061, 37.788278, 37.788697, 37.785876, 37.785668, 37.785459, 37.784827, 37.785759, 37.787647)))"
06075015500,"Census Tract 155, San Francisco County, California",106580,121478,35872,23817,14898,21806.686930091186,14478.419452887538,26175.489006334952,43058.679415421,0.5691584213152392,FALSE,"list(list(c(-122.443183, -122.438206, -122.436557, -122.434918, -122.431635, -122.428336, -122.425047, -122.424704, -122.431291, -122.434562, -122.437863, -122.438901, -122.44281, -122.443183, 37.784827, 37.785459, 37.785668, 37.785876, 37.786293, 37.786713, 37.78713, 37.785418, 37.784621, 37.784152, 37.783791, 37.78345, 37.782971, 37.784827)))"
06075015600,"Census Tract 156, San Francisco County, California",132025,128285,23096,21599,-3740,14040.121580547113,13130.091185410334,19223.01507396108,31621.859796665976,-0.1945584491095828,FALSE,"list(list(c(-122.458878, -122.456304, -122.454186, -122.453385, -122.455217, -122.454683, -122.458371, -122.458505, -122.458878, 37.781326, 37.781449, 37.781651, 37.777827, 37.777599, 37.774755, 37.774309, 37.77619, 37.781326)))"
06075015801,"Census Tract 158.01, San Francisco County, California",88610,148809,13872,21640,60199,8432.826747720364,13155.01519756839,15625.843714990986,25704.51291116017,3.8525279721213908,TRUE,"list(list(c(-122.44281, -122.438901, -122.437863, -122.434562, -122.433973, -122.433596, -122.433407, -122.436697, -122.437072, -122.440958, -122.441512, -122.442793, -122.44281, 37.782971, 37.78345, 37.783791, 37.784152, 37.781219, 37.779355, 37.778422, 37.778006, 37.779867, 37.779364, 37.782096, 37.782885, 37.782971)))"
06075015802,"Census Tract 158.02, San Francisco County, California",130647,184240,19908,26355,53593,12102.127659574468,16021.27659574468,20078.416213586013,33028.99467134899,2.6691846323883066,TRUE,"list(list(c(-122.442053, -122.440958, -122.437072, -122.436697, -122.433407, -122.433219, -122.438244, -122.441488, -122.441866, -122.442053, 37.779244, 37.779364, 37.779867, 37.778006, 37.778422, 37.77749, 37.776848, 37.776435, 37.7783, 37.779244)))"
06075015900,"Census Tract 159, San Francisco County, California",68523,121105,10751,18861,52582,6535.562310030395,11465.653495440729,13197.529495545825,21709.93602017288,3.9842305347941416,TRUE,"list(list(c(-122.434562, -122.431291, -122.424704, -122.424678, -122.424108, -122.427396, -122.430696, -122.433973, -122.434562, 37.784152, 37.784621, 37.785418, 37.785291, 37.782477, 37.782057, 37.781635, 37.781219, 37.784152)))"
06075016000,"Census Tract 160, San Francisco County, California",91519,112755,16024,15512,21236,9741.033434650455,9429.787234042553,13557.603757828665,22302.258181628153,1.5663534927945908,FALSE,"list(list(c(-122.424678, -122.422838, -122.421256, -122.421069, -122.420689, -122.420358, -122.423541, -122.424108, -122.424678, 37.785291, 37.784547, 37.784745, 37.783816, 37.781955, 37.780072, 37.779674, 37.782477, 37.785291)))"
06075016200,"Census Tract 162, San Francisco County, California",104613,205089,13656,34008,100476,8301.519756838905,20673.55623100304,22278.042048385476,36647.37916959411,4.510091137352964,TRUE,"list(list(c(-122.426641, -122.424998, -122.423354, -122.423541, -122.420358, -122.419765, -122.419359, -122.424246, -122.425888, -122.426263, -122.426641, 37.778329, 37.778538, 37.778747, 37.779674, 37.780072, 37.777291, 37.775432, 37.774811, 37.774599, 37.776464, 37.778329)))"
06075016300,"Census Tract 163, San Francisco County, California",143752,175175,23181,34641,31423,14091.79331306991,21058.35866261398,25338.37225122346,41681.622353262595,1.240134910342662,FALSE,"list(list(c(-122.433219, -122.429929, -122.426641, -122.426263, -122.425888, -122.429178, -122.430825, -122.432467, -122.433219, 37.77749, 37.777909, 37.778329, 37.776464, 37.774599, 37.774181, 37.773973, 37.773757, 37.77749)))"
06075016400,"Census Tract 164, San Francisco County, California",110537,204029,10749,21727,93492,6534.34650455927,13207.90273556231,14735.887449139951,24240.53485383522,6.344510998925728,TRUE,"list(list(c(-122.441488, -122.438244, -122.433219, -122.432467, -122.435751, -122.437469, -122.440735, -122.440922, -122.441488, 37.776435, 37.776848, 37.77749, 37.773757, 37.773346, 37.773127, 37.772713, 37.773635, 37.776435)))"
06075016500,"Census Tract 165, San Francisco County, California",105479,191223,11289,23299,85744,6862.613981762918,14163.525835866261,15738.51755299523,25889.861374677155,5.448035350933155,TRUE,"list(list(c(-122.454683, -122.451358, -122.448068, -122.446471, -122.44478, -122.441488, -122.440922, -122.444216, -122.447497, -122.450787, -122.454083, -122.454683, 37.774755, 37.775175, 37.775599, 37.775802, 37.776017, 37.776435, 37.773635, 37.773212, 37.77279, 37.772368, 37.77193, 37.774755)))"
06075016700,"Census Tract 167, San Francisco County, California",169280,237606,22171,32409,68326,13477.811550151975,19701.519756838905,23870.51078026031,39266.99023352821,2.8623601995354915,TRUE,"list(list(c(-122.443866, -122.443356, -122.442765, -122.443312, -122.440358, -122.440735, -122.437469, -122.435751, -122.432467, -122.431904, -122.43157, -122.433572, -122.435794, -122.436588, -122.438338, -122.439301, -122.442009, -122.442575, -122.443533, -122.443866, 37.767536, 37.768944, 37.769661, 37.77047, 37.770847, 37.772713, 37.773127, 37.773346, 37.773757, 37.770964, 37.769307, 37.769178, 37.769058, 37.769001, 37.769007, 37.768166, 37.765907, 37.765928, 37.766691, 37.767536)))"
06075016801,"Census Tract 168.01, San Francisco County, California",115549,199116,17619,27826,83567,10710.63829787234,16915.50151975684,20021.28778107806,32935.01839987341,4.173907338716664,TRUE,"list(list(c(-122.432467, -122.430825, -122.42899, -122.428802, -122.425512, -122.424929, -122.426402, -122.42822, -122.43157, -122.431904, -122.432467, 37.773757, 37.773973, 37.773248, 37.772316, 37.772734, 37.770778, 37.769596, 37.769441, 37.769307, 37.770964, 37.773757)))"
06075016802,"Census Tract 168.02, San Francisco County, California",115213,161014,16592,34268,45801,10086.322188449847,20831.61094224924,23144.975907061427,38073.485367116045,1.9788743865586105,TRUE,"list(list(c(-122.429178, -122.425888, -122.424246, -122.419359, -122.419334, -122.421989, -122.42262, -122.423641, -122.424929, -122.425512, -122.428802, -122.42899, -122.430825, -122.429178, 37.774181, 37.774599, 37.774811, 37.775432, 37.77521, 37.773074, 37.772503, 37.771828, 37.770778, 37.772734, 37.772316, 37.773248, 37.773973, 37.774181)))"
06075016900,"Census Tract 169, San Francisco County, California",130079,172888,15828,21180,42809,9621.884498480244,12875.379939209726,16073.45855381158,26440.839321020052,2.6633347052646914,TRUE,"list(list(c(-122.435794, -122.433572, -122.43157, -122.42822, -122.426402, -122.426948, -122.428635, -122.428949, -122.430824, -122.435193, -122.435472, -122.435794, 37.769058, 37.769178, 37.769307, 37.769441, 37.769596, 37.769175, 37.767846, 37.767504, 37.766014, 37.762727, 37.765727, 37.769058)))"
06075017000,"Census Tract 170, San Francisco County, California",153957,240601,18938,35209,86644,11512.462006079028,21403.647416413372,24303.351706453002,39979.01355711519,3.5651049717967243,TRUE,"list(list(c(-122.446247, -122.443538, -122.443347, -122.442575, -122.442009, -122.439301, -122.438338, -122.436588, -122.435794, -122.435472, -122.435193, -122.435837, -122.439491, -122.440168, -122.444196, -122.446384, -122.446247, 37.762247, 37.765323, 37.765333, 37.765928, 37.765907, 37.768166, 37.769007, 37.769001, 37.769058, 37.765727, 37.762727, 37.762485, 37.762227, 37.762187, 37.761947, 37.761816, 37.762247)))"
06075017101,"Census Tract 171.01, San Francisco County, California",199679,215027,23791,26608,15348,14462.613981762917,16175.075987841945,21697.93276784554,35693.099403105916,0.7073484909467692,FALSE,"list(list(c(-122.449433, -122.448274, -122.447635, -122.448013, -122.44839, -122.442765, -122.443356, -122.443866, -122.443533, -122.442575, -122.443347, -122.443538, -122.446247, -122.446384, -122.446783, -122.44912, -122.449433, 37.7632, 37.764196, 37.765139, 37.767007, 37.768865, 37.769661, 37.768944, 37.767536, 37.766691, 37.765928, 37.765333, 37.765323, 37.762247, 37.761816, 37.761781, 37.761648, 37.7632)))"
06075017102,"Census Tract 171.02, San Francisco County, California",170962,233049,19120,32071,62087,11623.100303951367,19496.048632218844,22697.849522489054,37337.96246449449,2.7353692665238674,TRUE,"list(list(c(-122.453352, -122.450522, -122.44839, -122.448013, -122.447635, -122.448274, -122.449433, -122.44912, -122.451958, -122.4524, -122.452569, -122.452758, -122.452947, -122.453352, 37.768246, 37.768593, 37.768865, 37.767007, 37.765139, 37.764196, 37.7632, 37.761648, 37.761478, 37.763669, 37.764509, 37.765443, 37.766374, 37.768246)))"
06075017700,"Census Tract 177, San Francisco County, California",112144,179564,16859,23577,67420,10248.632218844985,14332.522796352583,17619.75232700829,28984.492577928635,3.8263874967558893,TRUE,"list(list(c(-122.418704, -122.415561, -122.41248, -122.410931, -122.409736, -122.408007, -122.40499, -122.404497, -122.40509, -122.408424, -122.413003, -122.413588, -122.417332, -122.417487, -122.417802, -122.417794, -122.419219, -122.418704, 37.775645, 37.773101, 37.77063, 37.769411, 37.770349, 37.769244, 37.769715, 37.764664, 37.764628, 37.764427, 37.764091, 37.763823, 37.763572, 37.765183, 37.768405, 37.770435, 37.775316, 37.775645)))"
06075017801,"Census Tract 178.01, San Francisco County, California",71078,97681,17916,15105,26603,10891.185410334347,9182.370820668693,14245.48537363847,23433.823439635285,1.8674688367747254,TRUE,"list(list(c(-122.404933, -122.402708, -122.400468, -122.39893, -122.397386, -122.401843, -122.403387, -122.404933, 37.7815, 37.783259, 37.78503, 37.783785, 37.782554, 37.779032, 37.780265, 37.7815)))"
06075018000,"Census Tract 180, San Francisco County, California",160133,184219,16938,24270,24086,10296.656534954407,14753.799392097264,17991.54613425619,29596.093390851434,1.3387398626146907,FALSE,"list(list(c(-122.41248, -122.408516, -122.40407, -122.401843, -122.397386, -122.39275, -122.397206, -122.398755, -122.400982, -122.399433, -122.401657, -122.404391, -122.40499, -122.408007, -122.409736, -122.410931, -122.41248, 37.77063, 37.77376, 37.777273, 37.779032, 37.782554, 37.778852, 37.775332, 37.776568, 37.774809, 37.773573, 37.771817, 37.76975, 37.769715, 37.769244, 37.770349, 37.769411, 37.77063)))"
06075020300,"Census Tract 203, San Francisco County, California",117834,191391,11785,20450,73557,7164.133738601824,12431.610942249239,14348.162350768964,23602.727067014945,5.126579850558901,TRUE,"list(list(c(-122.435193, -122.430824, -122.428949, -122.428635, -122.426948, -122.426713, -122.426462, -122.426293, -122.426137, -122.430727, -122.432124, -122.435188, -122.435193, 37.762727, 37.766014, 37.767504, 37.767846, 37.769175, 37.768982, 37.766272, 37.764651, 37.763036, 37.762753, 37.762668, 37.762671, 37.762727)))"
06075020401,"Census Tract 204.01, San Francisco County, California",179775,219751,23126,28052,39976,14058.358662613982,17052.88753799392,22100.643014857327,36355.5577594403,1.8088161495177233,TRUE,"list(list(c(-122.447915, -122.446395, -122.446394, -122.446783, -122.446384, -122.444196, -122.440168, -122.439491, -122.439337, -122.439167, -122.442175, -122.442258, -122.44222, -122.445106, -122.444407, -122.444485, -122.445283, -122.44695, -122.447915, 37.757589, 37.758856, 37.760907, 37.761781, 37.761816, 37.761947, 37.762187, 37.762227, 37.760627, 37.759028, 37.758939, 37.757734, 37.756639, 37.756961, 37.756568, 37.756354, 37.756573, 37.75655, 37.757589)))"
06075020402,"Census Tract 204.02, San Francisco County, California",120241,173886,18510,20560,53645,11252.27963525836,12498.480243161093,16817.42564659461,27664.665188648134,3.1898461231408906,TRUE,"list(list(c(-122.449447, -122.447794, -122.445697, -122.449423, -122.44709, -122.446734, -122.447943, -122.445348, -122.44695, -122.445283, -122.444485, -122.444407, -122.445106, -122.44222, -122.442258, -122.442175, -122.439167, -122.438864, -122.440345, -122.442525, -122.443255, -122.443421, -122.44462, -122.444556, -122.444857, -122.447399, -122.449363, -122.45084, -122.449447, 37.74666, 37.749408, 37.748855, 37.750412, 37.751505, 37.753573, 37.755532, 37.755619, 37.75655, 37.756573, 37.756354, 
37.756568, 37.756961, 37.756639, 37.757734, 37.758939, 37.759028, 37.755434, 37.755228, 37.75238, 37.750769, 37.750099, 37.747081, 37.746687, 37.747025, 37.746596, 37.746129, 37.745904, 37.74666)))"
06075020500,"Census Tract 205, San Francisco County, California",157545,267491,28477,48219,109946,17311.246200607904,29312.462006079026,34042.61555573966,56000.102589191745,3.229657833428808,TRUE,"list(list(c(-122.439491, -122.435837, -122.435193, -122.435188, -122.435001, -122.434854, -122.434698, -122.434546, -122.437769, -122.438864, -122.439167, -122.439337, -122.439491, 37.762227, 37.762485, 37.762727, 37.762671, 37.760889, 37.759289, 37.757687, 37.756093, 37.755541, 37.755434, 37.759028, 37.760627, 37.762227)))"
06075020900,"Census Tract 209, San Francisco County, California",86878,167758,13062,20943,80880,7940.425531914893,12731.30699088146,15004.550487233966,24682.485551499874,5.390364747601974,TRUE,"list(list(c(-122.420964, -122.418748, -122.416567, -122.416413, -122.416108, -122.41587, -122.418206, -122.420282, -122.420507, -122.420665, -122.420812, -122.420964, 37.755295, 37.755437, 37.755568, 37.753968, 37.750771, 37.748267, 37.748203, 37.748161, 37.750506, 37.752104, 37.753703, 37.755295)))"
06075021000,"Census Tract 210, San Francisco County, California",133746,205395,25143,37776,71649,15284.49848024316,22964.133738601824,27585.636337720145,45378.37177554964,2.597329969946292,TRUE,"list(list(c(-122.425384, -122.420964, -122.420812, -122.420665, -122.420507, -122.420282, -122.421393, -122.42485, -122.424777, -122.424934, -122.425097, -122.42524, -122.425384, 37.755035, 37.755295, 37.753703, 37.752104, 37.750506, 37.748161, 37.748124, 37.747825, 37.748644, 37.750237, 37.751845, 37.753436, 37.755035)))"
06075021100,"Census Tract 211, San Francisco County, California",193972,242331,27632,25478,48359,16797.56838905775,15488.145896656535,22848.215840655717,37585.31505787866,2.116532876669995,TRUE,"list(list(c(-122.434546, -122.432331, -122.430115, -122.425532, -122.425384, -122.42524, -122.425097, -122.429659, -122.43409, -122.43424, -122.434317, -122.434546, 37.756093, 37.756227, 37.75636, 37.756636, 37.755035, 37.753436, 37.751845, 37.751571, 37.751304, 37.752891, 37.75369, 37.756093)))"
06075021200,"Census Tract 212, San Francisco County, California",178065,236262,27567,29880,58197,16758.0547112462,18164.133738601824,24713.723964205274,40654.07592111768,2.3548454326143258,TRUE,"list(list(c(-122.442525, -122.440345, -122.438864, -122.437769, -122.434546, -122.434317, -122.43424, -122.43409, -122.438474, -122.443255, -122.442525, 37.75238, 37.755228, 37.755434, 37.755541, 37.756093, 37.75369, 37.752891, 37.751304, 37.751024, 37.750769, 37.75238)))"
06075021300,"Census Tract 213, San Francisco County, California",214672,233933,29355,35322,19261,17844.984802431612,21472.340425531915,27919.614717057742,45927.76620955999,0.6898734167786462,FALSE,"list(list(c(-122.44462, -122.443421, -122.443255, -122.438474, -122.43409, -122.433769, -122.433697, -122.435916, -122.43809, -122.438246, -122.441408, -122.443961, -122.444556, -122.44462, 37.747081, 37.750099, 37.750769, 37.751024, 37.751304, 37.748097, 37.747297, 37.747179, 37.74705, 37.748665, 37.74861, 37.746765, 37.746687, 37.747081)))"
06075021400,"Census Tract 214, San Francisco County, California",200989,224258,25131,37293,23269,15277.203647416412,22670.516717325227,27337.61656610093,44970.37925123603,0.8511714963788731,FALSE,"list(list(c(-122.43409, -122.429659, -122.425097, -122.424934, -122.424777, -122.42485, -122.427045, -122.431477, -122.433697, -122.433769, -122.43409, 37.751304, 37.751571, 37.751845, 37.750237, 37.748644, 37.747825, 37.747696, 37.747434, 37.747297, 37.748097, 37.751304)))"
06075021500,"Census Tract 215, San Francisco County, California",151959,238724,16173,33196,86765,9831.6109422492409,20179.939209726443,22447.505879896984,36926.14717243054,3.8652401057038137,TRUE,"list(list(c(-122.431477, -122.427045, -122.42485, -122.421393, -122.421704, -122.422174, -122.422709, -122.423361, -122.430888, -122.431022, -122.431256, -122.431477, 37.747434, 37.747696, 37.747825, 37.748124, 37.746412, 37.745614, 37.74394, 37.74229, 37.741833, 37.742631, 37.745032, 37.747434)))"
06075021600,"Census Tract 216, San Francisco County, California",147826,215979,21180,33920,68153,12875.379939209726,20620.060790273557,24309.71648484575,39989.48361757126,2.8035291996303364,TRUE,"list(list(c(-122.447399, -122.444857, -122.444556, -122.443961, -122.441408, -122.438246, -122.43809, -122.435916, -122.433697, -122.431477, -122.431256, -122.431022, -122.430888, -122.433259, -122.43332, -122.435559, -122.43556, -122.440049, -122.444148, -122.445679, -122.447399, 37.746596, 37.747025, 37.746687, 37.746765, 37.74861, 37.748665, 37.74705, 37.747179, 37.747297, 37.747434, 37.745032, 37.742631, 37.741833, 37.741903, 37.743296, 37.743161, 37.74155, 37.745299, 37.743297, 37.744139, 37.746596
)))"
06075021700,"Census Tract 217, San Francisco County, California",138783,184081,19282,22956,45298,11721.580547112462,13955.01519756839,18224.65087969616,29979.550697100185,2.4855345816509384,TRUE,"list(list(c(-122.45084, -122.449363, -122.447399, -122.445679, -122.444148, -122.440049, -122.43556, -122.435559, -122.43332, -122.433259, -122.430888, -122.430741, -122.431759, -122.428726, -122.431349, -122.432443, -122.434697, -122.434401, -122.435825, -122.438392, -122.439915, -122.443829, -122.443649, -122.442489, -122.442525, -122.445987, -122.446658, -122.449861, -122.451692, -122.45084, 37.745904, 37.746129, 37.746596, 37.744139, 37.743297, 37.745299, 37.74155, 37.743161, 37.743296, 37.741903, 
37.741833, 37.740424, 37.739803, 37.738326, 37.736618, 37.735879, 37.737256, 37.736199, 37.733924, 37.73442, 37.734901, 37.736134, 37.736519, 37.737289, 37.739448, 37.74118, 37.742442, 37.743265, 37.745629, 37.745904)))"
06075021800,"Census Tract 218, San Francisco County, California",161972,228522,15932,33205,66550,9685.106382978724,20185.410334346503,22388.659540391378,36829.34494394382,2.9724870254039617,TRUE,"list(list(c(-122.434401, -122.434697, -122.432443, -122.431349, -122.428726, -122.431759, -122.430741, -122.430888, -122.423361, -122.424258, -122.42427, -122.424724, -122.425286, -122.426722, -122.428573, -122.429391, -122.432422, -122.433104, -122.435825, -122.434401, 37.736199, 37.737256, 37.735879, 37.736618, 37.738326, 37.739803, 37.740424, 37.741833, 37.74229, 37.739935, 37.739866, 37.738431, 37.73764, 37.736372, 37.735082, 37.734636, 37.733176, 37.733419, 37.733924, 37.736199)))"
06075022600,"Census Tract 226, San Francisco County, California",200230,252541,20257,33331,52311,12314.285714285714,20262.006079027356,23710.55720559099,39003.86660319718,2.206232419863375,TRUE,"list(list(c(-122.393968, -122.388164, -122.387917, -122.385823, -122.380462169293, -122.379568, -122.380757, -122.378560351096, -122.380985, -122.381711, -122.390683, -122.391232, -122.392447, -122.392494, -122.392319, -122.39252, -122.392714, -122.393848, -122.393968, 37.766614, 37.766958, 37.764379, 37.767255, 37.7675163525902, 37.76055, 37.755288, 37.7535517721854, 37.753228, 37.753186, 37.752663, 37.752657, 37.756436, 37.760245, 37.76106, 37.762819, 37.764084, 37.765307, 37.766614)))"
06075022702,"Census Tract 227.02, San Francisco County, California",204076,253344,23166,36038,49268,14082.674772036475,21907.598784194528,26043.513841726388,42841.58026963991,1.8917570147951315,TRUE,"list(list(c(-122.398703, -122.393848, -122.392714, -122.39252, -122.392319, -122.392494, -122.398216, -122.398338, -122.398461, -122.398703, 37.765014, 37.765307, 37.764084, 37.762819, 37.76106, 37.760245, 37.759909, 37.761184, 37.762463, 37.765014)))"
06075022704,"Census Tract 227.04, San Francisco County, California",186990,306558,18954,41509,119568,11522.188449848025,25233.434650455925,27739.62961058855,45631.690709418166,4.310367574423541,TRUE,"list(list(c(-122.40648, -122.405105, -122.40509, -122.404497, -122.398703, -122.398461, -122.398338, -122.398216, -122.39797, -122.403689, -122.406389, -122.40648, 37.760731, 37.763852, 37.764628, 37.764664, 37.765014, 37.762463, 37.761184, 37.759909, 37.757359, 37.757015, 37.759804, 37.760731)))"
06075022801,"Census Tract 228.01, San Francisco County, California",136756,215858,11819,30451,79102,7184.802431610942,18511.246200607904,19856.677010033756,32664.233681505528,3.9836474129094737,TRUE,"list(list(c(-122.417332, -122.413588, -122.413003, -122.408424, -122.408064, -122.407754, -122.412348, -122.41672, -122.416872, -122.417026, -122.417179, -122.417332, 37.763572, 37.763823, 37.764091, 37.764427, 37.760601, 37.757705, 37.75743, 37.757167, 37.758764, 37.760367, 37.761968, 37.763572)))"
06075022802,"Census Tract 228.02, San Francisco County, California",104334,150790,19580,24506,46456,11902.73556231003,14897.26443768997,19068.39273753145,31367.506053239234,2.4362829442128477,TRUE,"list(list(c(-122.408424, -122.40509, -122.405105, -122.40648, -122.406389, -122.403689, -122.403396, -122.403127, -122.406453, -122.407449, -122.407602, -122.407754, -122.408064, -122.408424, 37.764427, 37.764628, 37.763852, 37.760731, 37.759804, 37.757015, 37.756471, 37.754478, 37.754277, 37.754506, 37.756109, 37.757705, 37.760601, 37.764427)))"
06075022803,"Census Tract 228.03, San Francisco County, California",117145,167133,12250,25781,49988,7446.808510638298,15672.340425531915,17351.576625997906,28543.343549766556,2.8808909459618133,TRUE,"list(list(c(-122.41672, -122.412348, -122.407754, -122.407602, -122.407449, -122.409253, -122.412047, -122.416413, -122.416567, -122.41672, 37.757167, 37.75743, 37.757705, 37.756109, 37.754506, 37.754398, 37.75423, 37.753968, 37.755568, 37.757167)))"
06075022901,"Census Tract 229.01, San Francisco County, California",97385,130248,15679,25875,32863,9531.30699088146,15729.483282674772,18391.912823150586,30254.696594082714,1.7868179517811829,TRUE,"list(list(c(-122.416413, -122.412047, -122.4119, -122.411746, -122.411488, -122.413673, -122.41587, -122.416108, -122.416413, 37.753968, 37.75423, 37.752629, 37.751034, 37.748344, 37.748297, 37.748267, 37.750771, 37.753968)))"
06075022902,"Census Tract 229.02, San Francisco County, California",133584,196335,12859,27257,62751,7817.021276595745,16569.604863221884,18320.96140932721,30137.981518343262,3.4250931814120538,TRUE,"list(list(c(-122.412047, -122.409253, -122.408978, -122.40871, -122.410551, -122.411488, -122.411746, -122.4119, -122.412047, 37.75423, 37.754398, 37.751201, 37.748397, 37.748367, 37.748344, 37.751034, 37.752629, 37.75423)))"
06075022903,"Census Tract 229.03, San Francisco County, California",108556,171357,15497,24122,62801,9420.668693009118,14663.829787234043,17429.19684473196,28671.028809584073,3.603206766178778,TRUE,"list(list(c(-122.409253, -122.407449, -122.406453, -122.403127, -122.403007, -122.403784, -122.405239, -122.406788, -122.40871, -122.408978, -122.409253, 37.754398, 37.754506, 37.754277, 37.754478, 37.752446, 37.749433, 37.749125, 37.748805, 37.748397, 37.751201, 37.754398)))"
06075023001,"Census Tract 230.01, San Francisco County, California",78898,101394,10590,14274,22496,6437.689969604863,8677.203647416412,10804.52290864746,17773.44018472507,2.082091008571531,TRUE,"list(list(c(-122.406853, -122.399705, -122.395945, -122.396515, -122.398488, -122.400022, -122.399423, -122.399867, -122.402105, -122.402752, -122.404657, -122.40506, -122.406295, -122.406551, -122.406853, 37.73805, 37.73992, 37.737784, 37.737156, 37.733808, 37.732311, 37.731703, 37.730292, 37.72779, 37.729357, 37.732949, 37.733652, 37.735307, 37.735721, 37.73805)))"
06075023003,"Census Tract 230.03, San Francisco County, California",102282,125732,18149,22162,23450,11032.826747720364,13472.340425531915,17413.420760627,28645.077151231413,1.346662457787854,FALSE,"list(list(c(-122.400022, -122.398488, -122.396515, -122.392776, -122.393904, -122.391617, -122.391891, -122.392699, -122.396409, -122.399867, -122.399423, -122.400022, 37.732311, 37.733808, 37.737156, 37.735038, 37.733788, 37.732487, 37.731684, 37.729284, 37.729801, 37.730292, 37.731703, 37.732311)))"
06075023102,"Census Tract 231.02, San Francisco County, California",47810,92886,7367,18099,45076,4478.419452887538,11002.431610942249,11878.962166345289,19540.892763638,3.794607590190532,TRUE,"list(list(c(-122.387399, -122.38717, -122.388529, -122.385282, -122.381558, -122.384047, -122.382919, -122.380186, -122.381284, -122.379932, -122.379779, -122.381439, -122.38209, -122.383431, -122.385287, -122.389035, -122.387399, 37.734738, 37.735698, 37.736475, 37.74024, 37.738123, 37.737514, 37.734511, 37.73266, 37.734034, 37.733381, 37.730799, 37.730582, 37.730635, 37.729738, 37.730791, 37.732919, 37.734738)))"
06075023103,"Census Tract 231.03, San Francisco County, California",26480,45189,4558,14026,18709,2770.820668693009,8526.44376899696,8965.360590847613,14748.018171944323,2.0868095388265018,TRUE,"list(list(c(-122.384047, -122.381558, -122.380887, -122.37911, -122.376847, -122.373364367386, -122.369169789163, -122.367868, -122.374012, -122.372924, -122.368368114461, -122.368397, -122.369459113871, -122.373101279268, -122.373537, -122.376458, -122.374951, -122.375783, -122.37512685239, -122.375854, -122.37510014051, -122.374893, -122.375574, -122.375009, -122.37431, -122.373512, -122.372855894608, -122.370094, -122.369891892504, -122.37364, -122.377681, -122.378278, -122.379697, -122.383431, 
-122.38209, -122.381439, -122.379779, -122.379932, -122.381284, -122.380186, -122.382919, -122.384047, 37.737514, 37.738123, 37.738828, 37.73768, 37.740192, 37.7457632793685, 37.7417391770183, 37.739994, 37.739499, 37.738348, 37.73825770119, 37.738186, 37.7377292212437, 37.7361628507961, 37.737176, 37.738252, 37.737563, 37.735099, 37.7352917212532, 37.734979, 37.7346324340399, 37.734423, 37.732716, 37.732774, 37.732548, 37.732949, 37.7336007043268, 37.732331, 37.7325512356194, 37.728106, 37.72863, 
37.728964, 37.727618, 37.729738, 37.730635, 37.730582, 37.730799, 37.733381, 37.734034, 37.73266, 37.734511, 37.737514)))"
06075023200,"Census Tract 232, San Francisco County, California",70115,129058,16849,23096,58943,10242.553191489362,14040.121580547113,17379.151586801745,28588.70436028887,3.3915924897486422,TRUE,"list(list(c(-122.392699, -122.391891, -122.391617, -122.39106, -122.389035, -122.385287, -122.383431, -122.379697, -122.377833, -122.382176, -122.385024, -122.386899, -122.384517, -122.38521, -122.38793, -122.389801, -122.393284, -122.392699, 37.729284, 37.731684, 37.732487, 37.734066, 37.732919, 37.730791, 37.729738, 37.727618, 37.72656, 37.722246, 37.724098, 37.724289, 37.722862, 37.723088, 37.724729, 37.725791, 37.727764, 37.729284)))"
06075023300,"Census Tract 233, San Francisco County, California",86157,77513,12147,9965,-8644,7384.19452887538,6057.75075987842,9551.056125323557,15711.487326157252,-0.9050308035654194,FALSE,"list(list(c(-122.402105, -122.399867, -122.396409, -122.392699, -122.393284, -122.396682, -122.397025, -122.398515, -122.398863, -122.400785, -122.401183, -122.402105, 37.72779, 37.730292, 37.729801, 37.729284, 37.727764, 37.720266, 37.719515, 37.717664, 37.718683, 37.723616, 37.724588, 37.72779)))"
06075023400,"Census Tract 234, San Francisco County, California",53201,91906,8517,17477,38705,5177.507598784195,10624.316109422492,11818.742645831762,19441.831652393248,3.2748830531182174,TRUE,"list(list(c(-122.396682, -122.393284, -122.389801, -122.38793, -122.38521, -122.384517, -122.38282, -122.386265, -122.387912, -122.391141, -122.393545, -122.396682, 37.720266, 37.727764, 37.725791, 37.724729, 37.723088, 37.722862, 37.721872, 37.717179, 37.716328, 37.71804, 37.718487, 37.720266)))"
06075025100,"Census Tract 251, San Francisco County, California",138076,230264,18027,43066,92188,10958.662613981764,26179.939209726443,28381.006030654615,46686.75492042684,3.248228759066074,TRUE,"list(list(c(-122.410662, -122.409378, -122.410441, -122.410619, -122.410551, -122.40871, -122.406788, -122.405239, -122.403784, -122.403569, -122.403561, -122.40459, -122.406952, -122.406853, -122.408217, -122.410377, -122.410507, -122.410365, -122.410662, 37.742424, 37.742923, 37.744918, 37.746941, 37.748367, 37.748397, 37.748805, 37.749125, 37.749433, 37.749475, 37.747762, 37.744126, 37.740495, 37.73805, 37.737612, 37.736894, 37.739779, 37.741362, 37.742424)))"
06075025200,"Census Tract 252, San Francisco County, California",176152,192294,32508,41329,16142,19761.702127659573,25124.01215805471,31964.681414029856,52581.90092607911,0.5049948657681598,FALSE,"list(list(c(-122.418206, -122.41587, -122.413673, -122.411488, -122.410551, -122.410619, -122.410441, -122.409378, -122.410662, -122.410365, -122.410507, -122.411992, -122.413938, -122.415184, -122.415899, -122.418584, -122.41777, -122.418752, -122.416103, -122.41764, -122.417819, -122.419121, -122.418206, 37.748203, 37.748267, 37.748297, 37.748344, 37.748367, 37.746941, 37.744918, 37.742923, 37.742424, 37.741362, 37.739779, 37.73971, 37.73893, 37.738933, 37.739002, 37.739297, 37.740564, 37.74118, 
37.745253, 37.745882, 37.745965, 37.746775, 37.748203)))"
06075025300,"Census Tract 253, San Francisco County, California",136322,204366,12860,28414,68044,7817.629179331307,17272.948328267477,18959.695934706615,31188.699812592382,3.5888761209214466,TRUE,"list(list(c(-122.424258, -122.423361, -122.422709, -122.422174, -122.421704, -122.421393, -122.420282, -122.418206, -122.419121, -122.417819, -122.41764, -122.416103, -122.418752, -122.41777, -122.418584, -122.421742, -122.422841, -122.42427, -122.424258, 37.739935, 37.74229, 37.74394, 37.745614, 37.746412, 37.748124, 37.748161, 37.748203, 37.746775, 37.745965, 37.745882, 37.745253, 37.74118, 37.740564, 37.739297, 37.740581, 37.741027, 37.739866, 37.739935)))"
06075025401,"Census Tract 254.01, San Francisco County, California",106028,202214,12143,33813,96186,7381.762917933131,20555.015197568388,21840.308458188956,35927.30741372083,4.40405867820678,TRUE,"list(list(c(-122.425286, -122.424724, -122.42427, -122.422841, -122.421742, -122.418584, -122.415899, -122.415955, -122.41676, -122.420163, -122.420224, -122.422121, -122.422688, -122.426722, -122.425286, 37.73764, 37.738431, 37.739866, 37.741027, 37.740581, 37.739297, 37.739002, 37.737211, 37.735605, 37.735777, 37.735058, 37.735153, 37.735205, 37.736372, 37.73764)))"
06075025402,"Census Tract 254.02, San Francisco County, California",152779,181005,19332,29681,28226,11751.975683890578,18043.161094224924,21532.872422110973,35421.57513437255,1.3108330113457696,FALSE,"list(list(c(-122.41676, -122.415955, -122.415899, -122.415184, -122.413938, -122.411992, -122.410507, -122.410377, -122.408217, -122.408779, -122.409798, -122.410513, -122.412447, -122.414313, -122.416824, -122.41676, 37.735605, 37.737211, 37.739002, 37.738933, 37.73893, 37.73971, 37.739779, 37.736894, 37.737612, 37.735817, 37.734828, 37.734592, 37.73467, 37.734763, 37.734888, 37.735605)))"
06075025403,"Census Tract 254.03, San Francisco County, California",93307,201236,8592,37957,107929,5223.100303951368,23074.164133738603,23657.93370638792,38917.30094700813,4.562063675529613,TRUE,"list(list(c(-122.426722, -122.422688, -122.422121, -122.420224, -122.420163, -122.41676, -122.416824, -122.414313, -122.412447, -122.410513, -122.409798, -122.414388, -122.415939, -122.421703, -122.423982, -122.426104, -122.428038, -122.426158, -122.428573, -122.426722, 37.736372, 37.735205, 37.735153, 37.735058, 37.735777, 37.735605, 37.734888, 37.734763, 37.73467, 37.734592, 37.734828, 37.732417, 37.732072, 37.731807, 37.731552, 37.731651, 37.732016, 37.733971, 37.735082, 37.736372)))"
06075025600,"Census Tract 256, San Francisco County, California",96842,119951,13391,23445,23109,8140.425531914893,14252.27963525836,16413.226454364543,26999.757517429673,1.4079498667889847,FALSE,"list(list(c(-122.431294, -122.430199, -122.430165, -122.429304, -122.428038, -122.426104, -122.423982, -122.421703, -122.419514, -122.419486, -122.416637, -122.415193, -122.41446, -122.418404, -122.418888, -122.419875, -122.421847, -122.423336, -122.424199, -122.43039, -122.431294, 37.72873, 37.729872, 37.729851, 37.730742, 37.732016, 37.731651, 37.731552, 37.731807, 37.73149, 37.729046, 37.728809, 37.729223, 37.727457, 37.726425, 37.724966, 37.72471, 37.724199, 37.727792, 37.728736, 37.728547, 37.72873
)))"
06075025701,"Census Tract 257.01, San Francisco County, California",119294,143548,34701,30397,24254,21094.83282674772,18478.419452887538,28043.608139205015,46131.73538899225,0.8648673123517535,FALSE,"list(list(c(-122.421703, -122.415939, -122.414388, -122.409798, -122.408779, -122.408217, -122.406853, -122.406551, -122.406295, -122.405608, -122.408509, -122.40756, -122.410519, -122.41446, -122.415193, -122.416637, -122.419486, -122.419514, -122.421703, 37.731807, 37.732072, 37.732417, 37.734828, 37.735817, 37.737612, 37.73805, 37.735721, 37.735307, 37.732439, 37.731552, 37.729261, 37.728488, 37.727457, 37.729223, 37.728809, 37.729046, 37.73149, 37.731807)))"
06075025702,"Census Tract 257.02, San Francisco County, California",81274,131216,10061,27788,49942,6116.109422492401,16892.401215805472,17965.522906490824,29553.285181177405,2.7798801214940583,TRUE,"list(list(c(-122.410519, -122.40756, -122.408509, -122.405608, -122.406295, -122.40506, -122.404657, -122.402752, -122.402105, -122.401183, -122.400785, -122.402061, -122.4026, -122.405572, -122.408529, -122.410519, 37.728488, 37.729261, 37.731552, 37.732439, 37.735307, 37.733652, 37.732949, 37.729357, 37.72779, 37.724588, 37.723616, 37.72392, 37.725235, 37.724461, 37.723688, 37.728488)))"
06075025800,"Census Tract 258, San Francisco County, California",73468,116257,11894,27880,42789,7230.395136778116,16948.3282674772,18426.189103993027,30311.08107606853,2.32218391760277,TRUE,"list(list(c(-122.405572, -122.4026, -122.402061, -122.400785, -122.398863, -122.399615, -122.400435, -122.402103, -122.403078, -122.404059, -122.405572, 37.724461, 37.725235, 37.72392, 37.723616, 37.718683, 37.716278, 37.719162, 37.718721, 37.72113, 37.720864, 37.724461)))"
06075025900,"Census Tract 259, San Francisco County, California",111121,145093,18044,30405,33972,10968.996960486322,18483.282674772036,21493.03684346831,35356.04560750537,1.5806049302113405,FALSE,"list(list(c(-122.418888, -122.418404, -122.41446, -122.410519, -122.408529, -122.405572, -122.404059, -122.403078, -122.402103, -122.403071, -122.4061, -122.406665, -122.407036, -122.41099, -122.412468, -122.412969, -122.416632, -122.419875, -122.418888, 37.724966, 37.726425, 37.727457, 37.728488, 37.723688, 37.724461, 37.720864, 37.72113, 37.718721, 37.718465, 37.719837, 37.719215, 37.720085, 37.719074, 37.722658, 37.723858, 37.722157, 37.72471, 37.724966)))"
06075026001,"Census Tract 260.01, San Francisco County, California",77665,121869,9941,18902,44204,6043.1610942249235,11490.577507598784,12982.80275860682,21356.71053790822,3.404811797721828,TRUE,"list(list(c(-122.435385, -122.434798, -122.433982, -122.432447, -122.426912, -122.428074, -122.428837, -122.430026, -122.431205, -122.432385, -122.433985, -122.43715, -122.435385, 37.723909, 37.724683, 37.725762, 37.727637, 37.725151, 37.723591, 37.723955, 37.722398, 37.720856, 37.719298, 37.720063, 37.721575, 37.723909)))"
06075026002,"Census Tract 260.02, San Francisco County, California",121225,146520,31816,15058,25295,19341.033434650457,9153.799392097264,21397.841424569608,35199.449143417005,1.1821285847532061,FALSE,"list(list(c(-122.431801, -122.431294, -122.43039, -122.424199, -122.423336, -122.421847, -122.423807, -122.424848, -122.428074, -122.426912, -122.432447, -122.431801, 37.728249, 37.72873, 37.728547, 37.728736, 37.727792, 37.724199, 37.723691, 37.722053, 37.723591, 37.725151, 37.727637, 37.728249)))"
06075026003,"Census Tract 260.03, San Francisco County, California",84813,133751,11020,17669,48938,6699.088145896657,10741.033434650455,12658.893365171067,20823.879585706403,3.865898747093101,TRUE,"list(list(c(-122.432385, -122.431205, -122.430026, -122.428837, -122.428074, -122.424848, -122.424555, -122.42639, -122.42667, -122.427189, -122.431154, -122.433555, -122.432385, 37.719298, 37.720856, 37.722398, 37.723955, 37.723591, 37.722053, 37.721648, 37.718561, 37.717078, 37.715748, 37.716594, 37.717744, 37.719298)))"
06075026004,"Census Tract 260.04, San Francisco County, California",94707,117256,15993,19822,22549,9722.188449848025,12049.848024316108,15482.88686464747,25469.348892345086,1.4563821461155797,FALSE,"list(list(c(-122.440141, -122.437502, -122.43715, -122.433985, -122.432385, -122.433555, -122.431154, -122.432777, -122.437046, -122.440418, -122.440141, 37.717692, 37.721176, 37.721575, 37.720063, 37.719298, 37.717744, 37.716594, 37.714437, 37.716008, 37.717245, 37.717692)))"
06075026100,"Census Tract 261, San Francisco County, California",82141,136884,8141,23326,54743,4948.936170212766,14179.939209726444,15018.743130115037,24705.832449039237,3.6449787792316206,TRUE,"list(list(c(-122.448582, -122.447878, -122.44473, -122.444486, -122.438787, -122.43702, -122.435385, -122.43715, -122.437502, -122.440141, -122.440418, -122.440999, -122.441896, -122.443706, -122.446945, -122.44796, -122.448727, -122.448582, 37.718411, 37.723005, 37.722987, 37.722974, 37.723637, 37.723723, 37.723909, 37.721575, 37.721176, 37.717692, 37.717245, 37.716488, 37.715308, 37.713592, 37.716187, 37.717, 37.71745, 37.718411)))"
06075026301,"Census Tract 263.01, San Francisco County, California",76785,102785,9694,13717,26000,5893.009118541034,8338.601823708206,10210.770629367678,16796.71768530983,2.5463308249448064,TRUE,"list(list(c(-122.444571, -122.443706, -122.441896, -122.440999, -122.440418, -122.437046, -122.432777, -122.433682, -122.436144, -122.436203, -122.436642, -122.437811, -122.443335, -122.444097, -122.444571, 37.712783, 37.713592, 37.715308, 37.716488, 37.717245, 37.716008, 37.714437, 37.713181, 37.714254, 37.714171, 37.71355, 37.71192, 37.710555, 37.711689, 37.712783)))"
06075026302,"Census Tract 263.02, San Francisco County, California",80688,109479,6888,14786,28791,4187.234042553191,8988.449848024316,9915.904376180959,16311.662698817678,2.9035173099449203,TRUE,"list(list(c(-122.437811, -122.436642, -122.436203, -122.436144, -122.433682, -122.432777, -122.431154, -122.427189, -122.425548, -122.426737, -122.424478, -122.423377, -122.42389, -122.428082, -122.430027, -122.431341, -122.433382, -122.433982, -122.435382, -122.436771, -122.436993, -122.43837, -122.437811, 37.71192, 37.71355, 37.714171, 37.714254, 37.713181, 37.714437, 37.716594, 37.715748, 37.714517, 37.711225, 37.71011, 37.709203, 37.708236, 37.708431, 37.708281, 37.708231, 37.708232, 37.708132, 
37.708132, 37.710156, 37.710746, 37.711133, 37.71192)))"
06075026303,"Census Tract 263.03, San Francisco County, California",84072,105409,15398,14834,21337,9360.48632218845,9017.629179331307,12997.551315682676,21380.971914298003,1.641616907813632,FALSE,"list(list(c(-122.452665, -122.449309, -122.446091, -122.444571, -122.444097, -122.443335, -122.437811, -122.43837, -122.436993, -122.436771, -122.435382, -122.440781, -122.442079, -122.444482, -122.445875, -122.449751, -122.452183, -122.453983, -122.452665, 37.708806, 37.709946, 37.711592, 37.712783, 37.711689, 37.710555, 37.71192, 37.711133, 37.710746, 37.710156, 37.708132, 37.708304, 37.708231, 37.708332, 37.708233, 37.708213, 37.708132, 37.708232, 37.708806)))"
06075026401,"Census Tract 264.01, San Francisco County, California",63164,99082,7468,15031,35918,4539.817629179332,9137.386018237083,10203.027362135317,16783.980010712596,3.5203277150168284,TRUE,"list(list(c(-122.415635, -122.415291, -122.415396, -122.411316, -122.410433, -122.406189, -122.407927, -122.410641, -122.411349, -122.412887, -122.416, -122.415635, 37.712733, 37.713504, 37.715474, 37.714367, 37.716414, 37.715244, 37.711448, 37.712206, 37.710605, 37.711036, 37.711915, 37.712733)))"
06075026402,"Census Tract 264.02, San Francisco County, California",94508,153000,9799,29244,58492,5956.8389057750755,17777.507598784196,18748.965469438186,30842.048197225817,3.1197454651748697,TRUE,"list(list(c(-122.408171, -122.407272, -122.406665, -122.4061, -122.403071, -122.402103, -122.400435, -122.399615, -122.398863, -122.398515, -122.398328, -122.400455, -122.402546, -122.402154, -122.402188, -122.403693, -122.406189, -122.410433, -122.408171, 37.716157, 37.71782, 37.719215, 37.719837, 37.718465, 37.718721, 37.719162, 37.716278, 37.718683, 37.717664, 37.716259, 37.713118, 37.712266, 37.712656, 37.714731, 37.714341, 37.715244, 37.716414, 37.716157)))"
06075026403,"Census Tract 264.03, San Francisco County, California",64090,90288,9721,19562,26198,5909.422492401216,11891.79331306991,13279.157442943118,21844.21399364143,1.972866133455047,TRUE,"list(list(c(-122.411349, -122.410641, -122.407927, -122.406189, -122.403693, -122.402188, -122.402154, -122.402546, -122.403109, -122.404348, -122.404821, -122.405582, -122.406481, -122.41238, -122.411349, 37.710605, 37.712206, 37.711448, 37.715244, 37.714341, 37.714731, 37.712656, 37.712266, 37.711998, 37.710443, 37.709747, 37.708231, 37.708323, 37.708303, 37.710605)))"
06075026404,"Census Tract 264.04, San Francisco County, California",61750,107480,9075,24678,45730,5516.717325227964,15001.823708206686,15984.019663982604,26293.712347251385,2.8609824663219814,TRUE,"list(list(c(-122.420083, -122.419348, -122.416648, -122.416, -122.412887, -122.411349, -122.41238, -122.415182, -122.416222, -122.420082, -122.420083, 37.708311, 37.709947, 37.710473, 37.711915, 37.711036, 37.710605, 37.708303, 37.708231, 37.708328, 37.708231, 37.708311)))"
06075030101,"Census Tract 301.01, San Francisco County, California",128351,144463,20417,16196,16112,12411.550151975684,9845.592705167173,15842.42004527871,26060.780974483478,1.0170163367686762,FALSE,"list(list(c(-122.464297, -122.46109, -122.458405, -122.45779, -122.456913, -122.452947, -122.452758, -122.452569, -122.455466, -122.457536, -122.460843, -122.462972, -122.463226, -122.463782, -122.463912, -122.464042, -122.464172, -122.464297, 37.765963, 37.766132, 37.76616, 37.766015, 37.765874, 37.766374, 37.765443, 37.764509, 37.764161, 37.763566, 37.762628, 37.762316, 37.758562, 37.758538, 37.760405, 37.762269, 37.764131, 37.765963)))"
06075030102,"Census Tract 301.02, San Francisco County, California",159086,200300,24696,21322,41214,15012.765957446809,12961.702127659575,19834.032967080813,32626.98423084794,2.0779435059124993,TRUE,"list(list(c(-122.463782, -122.463226, -122.462972, -122.460843, -122.457536, -122.455466, -122.452569, -122.4524, -122.451958, -122.44912, -122.446783, -122.446394, -122.446395, -122.447915, -122.448535, -122.451367, -122.453872, -122.454078, -122.454172, -122.455537, -122.456091, -122.46147, -122.462108, -122.463361, -122.46377, -122.463658, -122.463782, 37.758538, 37.758562, 37.762316, 37.762628, 37.763566, 37.764161, 37.764509, 37.763669, 37.761478, 37.761648, 37.761781, 37.760907, 37.758856, 
37.757589, 37.759045, 37.758576, 37.757378, 37.757027, 37.756507, 37.753774, 37.751804, 37.751522, 37.751972, 37.753039, 37.754142, 37.756764, 37.758538)))"
06075030201,"Census Tract 302.01, San Francisco County, California",110577,138590,12085,19016,28013,7346.504559270516,11559.878419452887,13696.784962607651,22531.211263489586,2.0452244870950187,TRUE,"list(list(c(-122.477261, -122.47073, -122.470595, -122.470468, -122.470335, -122.476762, -122.476974, -122.477116, -122.477261, 37.765486, 37.765779, 37.763849, 37.762027, 37.760124, 37.759837, 37.761701, 37.763562, 37.765486)))"
06075030202,"Census Tract 302.02, San Francisco County, California",122895,147357,23503,24832,24462,14287.537993920972,15095.440729483282,20784.75577785503,34190.92325457152,1.1769202516232047,FALSE,"list(list(c(-122.47073, -122.464297, -122.464172, -122.464042, -122.463912, -122.469263, -122.470335, -122.470468, -122.470595, -122.47073, 37.765779, 37.765963, 37.764131, 37.762269, 37.760405, 37.760171, 37.760124, 37.762027, 37.763849, 37.765779)))"
06075030301,"Census Tract 303.01, San Francisco County, California",151011,210454,26191,36001,59443,15921.580547112462,21885.106382978724,27063.898619978718,44520.11322986499,2.1963945710363713,TRUE,"list(list(c(-122.476762, -122.470335, -122.469263, -122.463912, -122.463782, -122.463658, -122.46377, -122.463361, -122.463433, -122.464462, -122.4666, -122.468335, -122.469782, -122.47068, -122.470908, -122.47121, -122.473683, -122.4766, -122.476699, -122.47687, -122.476762, 37.759837, 37.760124, 37.760171, 37.760405, 37.758538, 37.756764, 37.754142, 37.753039, 37.753028, 37.752899, 37.752803, 37.753244, 37.752675, 37.752376, 37.752616, 37.755194, 37.756237, 37.756108, 37.757968, 37.759832, 37.759837
)))"
06075030302,"Census Tract 303.02, San Francisco County, California",165074,244116,18316,59150,79042,11134.346504559271,35957.446808510635,37641.886948856096,61920.90403086828,2.099841596873029,TRUE,"list(list(c(-122.4766, -122.473683, -122.47121, -122.470908, -122.47068, -122.469782, -122.468335, -122.4666, -122.464462, -122.463442, -122.464186, -122.465403, -122.466469, -122.466336, -122.469549, -122.470595, -122.476131, -122.476221, -122.476355, -122.4766, 37.756108, 37.756237, 37.755194, 37.752616, 37.752376, 37.752675, 37.753244, 37.752803, 37.752899, 37.751195, 37.750717, 37.750986, 37.750939, 37.749075, 37.748903, 37.748869, 37.748643, 37.750509, 37.752376, 37.756108)))"
06075030400,"Census Tract 304, San Francisco County, California",211374,197801,29697,33255,-13573,18052.88753799392,20215.80547112462,27103.23853907146,44584.82739677255,-0.5007888625720298,FALSE,"list(list(c(-122.476131, -122.470595, -122.469549, -122.466336, -122.466469, -122.465403, -122.464186, -122.463442, -122.464462, -122.463433, -122.463361, -122.462108, -122.46147, -122.458635, -122.459174, -122.461381, -122.463686, -122.465807, -122.466043, -122.470235, -122.475726, -122.475854, -122.476007, -122.476131, 37.748643, 37.748869, 37.748903, 37.749075, 37.750939, 37.750986, 37.750717, 37.751195, 37.752899, 37.753028, 37.753039, 37.751972, 37.751522, 37.747769, 37.747286, 37.745569, 37.743749, 
37.743574, 37.743555, 37.743289, 37.743049, 37.744915, 37.746778, 37.748643)))"
06075030500,"Census Tract 305, San Francisco County, California",118962,161160,13446,24700,42198,8173.86018237082,15015.197568389058,17095.851786287334,28122.676188442663,2.468318076660399,TRUE,"list(list(c(-122.46147, -122.456091, -122.455537, -122.454172, -122.454078, -122.453872, -122.451367, -122.448535, -122.447915, -122.44695, -122.445348, -122.447943, -122.446734, -122.44709, -122.449423, -122.445697, -122.447794, -122.449447, -122.45084, -122.451692, -122.453897, -122.453959, -122.454275, -122.454637, -122.458743, -122.459174, -122.458635, -122.46147, 37.751522, 37.751804, 37.753774, 37.756507, 37.757027, 37.757378, 37.758576, 37.759045, 37.757589, 37.75655, 37.755619, 37.755532, 
37.753573, 37.751505, 37.750412, 37.748855, 37.749408, 37.74666, 37.745904, 37.745629, 37.745742, 37.745765, 37.745908, 37.746142, 37.746876, 37.747286, 37.747769, 37.751522)))"
06075030600,"Census Tract 306, San Francisco County, California",206027,247520,49543,37593,41493,30117.325227963527,22852.88753799392,37806.1866327606,62191.17701089118,1.0975187845061483,FALSE,"list(list(c(-122.461381, -122.459174, -122.458743, -122.454637, -122.454275, -122.453959, -122.453897, -122.451692, -122.449861, -122.452306, -122.453773, -122.454238, -122.45464, -122.454932, -122.458082, -122.458849, -122.459184, -122.459386, -122.45984, -122.461234, -122.463686, -122.461381, 37.745569, 37.747286, 37.746876, 37.746142, 37.745908, 37.745765, 37.745742, 37.745629, 37.743265, 37.742819, 37.743219, 37.742835, 37.742326, 37.741777, 37.739099, 37.739158, 37.739871, 37.740571, 37.741061, 
37.742584, 37.743749, 37.745569)))"
06075030700,"Census Tract 307, San Francisco County, California",149981,206566,15093,19639,56585,9175.075987841945,11938.601823708206,15056.966257773269,24768.709494037026,3.7580611546358207,TRUE,"list(list(c(-122.459592, -122.458849, -122.458082, -122.454932, -122.45464, -122.454238, -122.453773, -122.452306, -122.449861, -122.446658, -122.445987, -122.442525, -122.442489, -122.443649, -122.443829, -122.439915, -122.438392, -122.438816, -122.439752, -122.448873, -122.453425, -122.456156, -122.459505, -122.460282, -122.459592, 37.738533, 37.739158, 37.739099, 37.741777, 37.742326, 37.742835, 37.743219, 37.742819, 37.743265, 37.742442, 37.74118, 37.739448, 37.737289, 37.736519, 37.736134, 37.734901, 
37.73442, 37.733087, 37.733111, 37.733069, 37.73304, 37.734212, 37.734291, 37.737855, 37.738533)))"
06075030800,"Census Tract 308, San Francisco County, California",194644,236480,27320,61843,41836,16607.90273556231,37594.52887537994,41099.52596607015,67608.72021418539,1.017919282926471,FALSE,"list(list(c(-122.475726, -122.470235, -122.466043, -122.465807, -122.463686, -122.461234, -122.45984, -122.459386, -122.459184, -122.458849, -122.459592, -122.460282, -122.459505, -122.461242, -122.463136, -122.462879, -122.466248, -122.471569, -122.475173, -122.475189, -122.47539, -122.475485, -122.475621, -122.475726, 37.743049, 37.743289, 37.743555, 37.743574, 37.743749, 37.742584, 37.741061, 37.740571, 37.739871, 37.739158, 37.738533, 37.737855, 37.734291, 37.735782, 37.737023, 37.736212, 37.734937, 
37.734707, 37.734562, 37.734762, 37.73745, 37.739321, 37.741183, 37.743049)))"
06075030900,"Census Tract 309, San Francisco County, California",189922,251552,28652,41964,61630,17417.629179331307,25510.03039513678,30889.083136109683,50812.54175890043,1.9952032803444995,TRUE,"list(list(c(-122.475347, -122.474745, -122.474634, -122.474972, -122.475173, -122.471569, -122.466248, -122.462879, -122.463136, -122.461242, -122.459505, -122.459064, -122.461748, -122.461727, -122.460816, -122.462888, -122.462786, -122.462199, -122.462265, -122.466278, -122.46974, -122.471983, -122.47244, -122.472547, -122.472672, -122.474528, -122.47537, -122.475347, 37.720914, 37.726936, 37.728992, 37.731072, 37.734562, 37.734707, 37.734937, 37.736212, 37.737023, 37.735782, 37.734291, 37.733645, 
37.730064, 37.729993, 37.728681, 37.728056, 37.725549, 37.725293, 37.721748, 37.721668, 37.721644, 37.721661, 37.721603, 37.71964, 37.717248, 37.719065, 37.720275, 37.720914)))"
06075031000,"Census Tract 310, San Francisco County, California",143232,196469,16430,25888,53237,9987.841945288754,15737.386018237083,18639.267834630024,30661.59558796639,2.856174420171731,TRUE,"list(list(c(-122.462888, -122.460816, -122.461727, -122.461748, -122.459064, -122.459505, -122.456156, -122.453425, -122.453411, -122.453394, -122.454002, -122.452382, -122.452335, -122.453105, -122.458191, -122.459213, -122.461202, -122.462199, -122.462786, -122.462888, 37.728056, 37.728681, 37.729993, 37.730064, 37.733645, 37.734291, 37.734212, 37.73304, 37.731568, 37.729837, 37.729166, 37.727868, 37.72318, 37.723206, 37.724344, 37.724563, 37.724974, 37.725293, 37.725549, 37.728056)))"
06075031100,"Census Tract 311, San Francisco County, California",124486,203808,17847,27156,79322,10849.240121580548,16508.20668693009,19754.161567480318,32495.595778505125,4.015457691233093,TRUE,"list(list(c(-122.453394, -122.453411, -122.453425, -122.448873, -122.439752, -122.438816, -122.438392, -122.435825, -122.433104, -122.432422, -122.435892, -122.439558, -122.439483, -122.443075, -122.443664, -122.446308, -122.447878, -122.449546, -122.451596, -122.452335, -122.452382, -122.454002, -122.453394, 37.729837, 37.731568, 37.73304, 37.733069, 37.733111, 37.733087, 37.73442, 37.733924, 37.733419, 37.733176, 37.731577, 37.730191, 37.730112, 37.728634, 37.728304, 37.725978, 37.723005, 37.723011, 
37.723033, 37.72318, 37.727868, 37.729166, 37.729837)))"
06075031201,"Census Tract 312.01, San Francisco County, California",94881,110227,11230,13259,15346,6826.747720364741,8060.182370820668,10562.718603105617,17375.67210210874,1.452845671330108,FALSE,"list(list(c(-122.462265, -122.462199, -122.461202, -122.459213, -122.458191, -122.453105, -122.452335, -122.451596, -122.449546, -122.451646, -122.452506, -122.459198, -122.459187, -122.462245, -122.462265, 37.721748, 37.725293, 37.724974, 37.724563, 37.724344, 37.723206, 37.72318, 37.723033, 37.723011, 37.719686, 37.72003, 37.720024, 37.71823, 37.71822, 37.721748)))"
06075031202,"Census Tract 312.02, San Francisco County, California",92049,145342,10296,17524,53293,6258.966565349544,10652.88753799392,12355.511942582938,20324.817145548932,4.313297599294701,TRUE,"list(list(c(-122.459198, -122.452506, -122.451646, -122.449546, -122.447878, -122.448582, -122.450378, -122.451895, -122.453378, -122.454189, -122.456108, -122.459187, -122.459198, 37.720024, 37.72003, 37.719686, 37.723011, 37.723005, 37.718411, 37.716169, 37.716978, 37.717768, 37.718239, 37.718235, 37.71823, 37.720024)))"
06075031301,"Census Tract 313.01, San Francisco County, California",116138,128643,16299,21349,12505,9908.20668693009,12978.115501519756,16328.01401645998,26859.583057076667,0.765861664951655,FALSE,"list(list(c(-122.472547, -122.47244, -122.471983, -122.46974, -122.466278, -122.462265, -122.462245, -122.46264, -122.466235, -122.468036, -122.468017, -122.471457, -122.472672, -122.472547, 37.71964, 37.721603, 37.721661, 37.721644, 37.721668, 37.721748, 37.71822, 37.717936, 37.717912, 37.7179, 37.716103, 37.716085, 37.717248, 37.71964)))"
06075031302,"Census Tract 313.02, San Francisco County, California",78904,123110,8588,22605,44206,5220.668693009118,13741.641337386018,14699.934974261678,24181.39303266046,3.007224186868915,TRUE,"list(list(c(-122.472672, -122.471457, -122.468017, -122.468036, -122.466235, -122.46264, -122.462615, -122.462602, -122.462569, -122.462556, -122.460858, -122.465994, -122.468939, -122.469236, -122.471319, -122.471215, -122.471355, -122.471472, -122.472672, 37.717248, 37.716085, 37.716103, 37.7179, 37.717912, 37.717936, 37.715619, 37.714308, 37.71315, 37.711254, 37.710586, 37.710154, 37.708232, 37.708232, 37.708305, 37.708939, 37.712802, 37.713427, 37.717248)))"
06075032601,"Census Tract 326.01, San Francisco County, California",111814,134672,11554,17229,22858,7023.70820668693,10473.55623100304,12610.624770274626,20744.47774710176,1.8125985362660357,TRUE,"list(list(c(-122.484763, -122.477261, -122.477116, -122.476974, -122.476762, -122.47687, -122.484365, -122.484496, -122.484627, -122.484763, 37.76516, 37.765486, 37.763562, 37.761701, 37.759837, 37.759832, 37.759501, 37.76137, 37.763231, 37.76516)))"
06075032602,"Census Tract 326.02, San Francisco County, California",89497,154620,9494,25729,65123,5771.428571428572,15640.729483282674,16671.586802831036,27424.760290657054,3.9062268499205683,TRUE,"list(list(c(-122.486906, -122.484763, -122.484627, -122.484496, -122.484365, -122.47687, -122.476699, -122.4766, -122.479817, -122.484104, -122.486248, -122.486382, -122.486512, -122.48664, -122.48677, -122.486906, 37.765054, 37.76516, 37.763231, 37.76137, 37.759501, 37.759832, 37.757968, 37.756108, 37.755966, 37.755777, 37.755683, 37.757542, 37.759407, 37.761276, 37.763137, 37.765054)))"
06075032700,"Census Tract 327, San Francisco County, California",117453,166070,11883,21589,48617,7223.70820668693,13124.012158054711,14980.709441816298,24643.26703178781,3.245306918796067,TRUE,"list(list(c(-122.496085, -122.493336, -122.486906, -122.48677, -122.48664, -122.486512, -122.486382, -122.486248, -122.492675, -122.495433, -122.495555, -122.495692, -122.495822, -122.49595, -122.496085, 37.764675, 37.764774, 37.765054, 37.763137, 37.761276, 37.759407, 37.757542, 37.755683, 37.755398, 37.755273, 37.757137, 37.759001, 37.760871, 37.762732, 37.764675)))"
06075032801,"Census Tract 328.01, San Francisco County, California",109508,147525,14706,27223,38017,8939.817629179332,16548.936170212764,18809.24314290083,30941.204970071863,2.0211871212026282,TRUE,"list(list(c(-122.485727, -122.479296, -122.479426, -122.476221, -122.476131, -122.476007, -122.475854, -122.475726, -122.485335, -122.485466, -122.485597, -122.485727, 37.74822, 37.748504, 37.750368, 37.750509, 37.748643, 37.746778, 37.744915, 37.743049, 37.742626, 37.744493, 37.746354, 37.74822)))"
06075032802,"Census Tract 328.02, San Francisco County, California",98406,148815,10662,29266,50409,6481.458966565349,17790.881458966564,18934.750418800628,31147.664438927033,2.6622479243216253,TRUE,"list(list(c(-122.486248, -122.484104, -122.479817, -122.4766, -122.476355, -122.476221, -122.479426, -122.479296, -122.485727, -122.485857, -122.485988, -122.486118, -122.486248, 37.755683, 37.755777, 37.755966, 37.756108, 37.752376, 37.750509, 37.750368, 37.748504, 37.74822, 37.750085, 37.751951, 37.753815, 37.755683)))"
06075032901,"Census Tract 329.01, San Francisco County, California",119594,154147,18037,20164,34553,10964.741641337387,12257.75075987842,16446.215763894685,27054.024931606757,2.100969639219751,TRUE,"list(list(c(-122.495046, -122.485857, -122.485727, -122.485597, -122.485466, -122.485335, -122.494504, -122.494646, -122.494774, -122.494911, -122.495046, 37.749681, 37.750085, 37.74822, 37.746354, 37.744493, 37.742626, 37.742222, 37.744089, 37.745949, 37.747814, 37.749681)))"
06075032902,"Census Tract 329.02, San Francisco County, California",108938,155954,18864,28219,47016,11467.477203647417,17154.407294832825,20634.357829920144,33943.518630218634,2.278529837833192,TRUE,"list(list(c(-122.495433, -122.492675, -122.486248, -122.486118, -122.485988, -122.485857, -122.495046, -122.495165, -122.495307, -122.495433, 37.755273, 37.755398, 37.755683, 37.753815, 37.751951, 37.750085, 37.749681, 37.751543, 37.75341, 37.755273)))"
06075033100,"Census Tract 331, San Francisco County, California",145376,141630,16595,18825,-3746,10088.145896656535,11443.768996960485,15255.508398215448,25095.311315064413,-0.2455506497861584,FALSE,"list(list(c(-122.499059, -122.496564, -122.493784, -122.491294, -122.485855, -122.485518, -122.480254, -122.479547, -122.475189, -122.475173, -122.474972, -122.480015, -122.48193, -122.485302, -122.486179, -122.486606, -122.48889, -122.492161, -122.493529, -122.497017, -122.499059, 37.731576, 37.733856, 37.733989, 37.734096, 37.734182, 37.734356, 37.73459, 37.734619, 37.734762, 37.734562, 37.731072, 37.731148, 37.731172, 37.730946, 37.730879, 37.729555, 37.730257, 37.728836, 37.729594, 37.729303, 
37.731576)))"
06075033201,"Census Tract 332.01, San Francisco County, California",39786,72887,7065,17392,33101,4294.83282674772,10572.644376899696,11411.678146972888,18772.2105517704,2.9006250941962044,TRUE,"list(list(c(-122.486179, -122.485302, -122.48193, -122.480015, -122.474972, -122.474634, -122.474745, -122.475347, -122.478988, -122.479631, -122.484909, -122.483811, -122.486606, -122.486179, 37.730879, 37.730946, 37.731172, 37.731148, 37.731072, 37.728992, 37.726936, 37.720914, 37.720844, 37.719663, 37.724032, 37.727029, 37.729555, 37.730879)))"
06075033203,"Census Tract 332.03, San Francisco County, California",66173,101473,7088,24986,35300,4308.814589665653,15189.05775075988,15788.393158394376,25971.90674555875,2.2358196711887484,TRUE,"list(list(c(-122.485124, -122.484832, -122.483143, -122.483205, -122.479981, -122.478674, -122.47724, -122.475818, -122.474383, -122.474528, -122.472672, -122.471472, -122.471355, -122.472269, -122.477016, -122.485275, -122.485124, 37.718575, 37.718571, 37.718517, 37.717585, 37.716942, 37.717903, 37.717709, 37.716891, 37.717507, 37.719065, 37.717248, 37.713427, 37.712802, 37.712838, 37.714593, 37.714823, 37.718575)))"
06075033204,"Census Tract 332.04, San Francisco County, California",61519,95025,8743,14187,33506,5314.893617021276,8624.316109422492,10130.494682664703,16664.663752983437,3.307439670970407,TRUE,"list(list(c(-122.484909, -122.479631, -122.478988, -122.475347, -122.47537, -122.474528, -122.474383, -122.475818, -122.47724, -122.478674, -122.479981, -122.483205, -122.483143, -122.484832, -122.485124, -122.484909, 37.724032, 37.719663, 37.720844, 37.720914, 37.720275, 37.719065, 37.717507, 37.716891, 37.717709, 37.717903, 37.716942, 37.717585, 37.718517, 37.718571, 37.718575, 37.724032)))"
06075035201,"Census Tract 352.01, San Francisco County, California",92806,134960,9513,15390,42154,5782.978723404255,9355.623100303952,10998.660214330073,18092.796052572972,3.8326486297920055,TRUE,"list(list(c(-122.512070759187, -122.50987, -122.509622, -122.509382, -122.509111, -122.502582, -122.50245, -122.502318, -122.502191, -122.50206, -122.50193, -122.505148, -122.507942, -122.509993368973, -122.512070759187, 37.7636593024008, 37.76409, 37.762127, 37.760272, 37.758414, 37.7587, 37.756835, 37.754953, 37.753106, 37.75124, 37.749377, 37.749235, 37.749111, 37.7488149503326, 37.7636593024008)))"
06075035202,"Census Tract 352.02, San Francisco County, California",83315,127057,7714,14822,43742,4689.36170212766,9010.33434650456,10157.570487532015,16709.203451990164,4.306344716356282,TRUE,"list(list(c(-122.50987, -122.502979, -122.502844, -122.502713, -122.502582, -122.509111, -122.509382, -122.509622, -122.50987, 37.76409, 37.764344, 37.762427, 37.760567, 37.7587, 37.758414, 37.760272, 37.762127, 37.76409)))"
06075035300,"Census Tract 353, San Francisco County, California",95777,134404,13689,19983,38627,8321.580547112462,12147.72036474164,14724.666816673283,24222.07691342755,2.6232851636589305,TRUE,"list(list(c(-122.50193, -122.499784, -122.499914, -122.495165, -122.495046, -122.494911, -122.494774, -122.494646, -122.494504, -122.494404, -122.494253, -122.494126, -122.493784, -122.496564, -122.497487, -122.499139, -122.501041, -122.501142, -122.501404, -122.501536, -122.50193, 37.749377, 37.749472, 37.751334, 37.751543, 37.749681, 37.747814, 37.745949, 37.744089, 37.742222, 37.740352, 37.738493, 37.736631, 37.733989, 37.733856, 37.733925, 37.734404, 37.7353, 37.738192, 37.74191, 37.743785, 37.749377
)))"
06075035400,"Census Tract 354, San Francisco County, California",109748,150433,16265,22637,40685,9887.537993920972,13761.094224924012,16944.943843178346,27874.43262202838,2.4010112029010275,TRUE,"list(list(c(-122.509993368973, -122.507942, -122.505148, -122.50193, -122.501536, -122.501404, -122.501142, -122.501041, -122.502031, -122.505262, -122.506796, -122.508121548602, -122.509993368973, 37.7488149503326, 37.749111, 37.749235, 37.749377, 37.743785, 37.74191, 37.738192, 37.7353, 37.735515, 37.735565, 37.735559, 37.7354395332202, 37.7488149503326)))"
06075040100,"Census Tract 401, San Francisco County, California",127772,184252,19478,31294,56480,11840.729483282674,19023.70820668693,22407.685035037583,36860.641882636824,2.5205638115532922,TRUE,"list(list(c(-122.464781, -122.463581, -122.459476, -122.459388, -122.459179, -122.458998, -122.458878, -122.461068, -122.464284, -122.464551, -122.464781, 37.788564, 37.788806, 37.789711, 37.788405, 37.785682, 37.783189, 37.781326, 37.781227, 37.781089, 37.784792, 37.788564)))"
06075040200,"Census Tract 402, San Francisco County, California",126164,221499,20279,43788,95335,12327.659574468085,26618.844984802432,29334.861494626428,48255.84715866047,3.2498875107170186,TRUE,"list(list(c(-122.472583, -122.472352, -122.470912, -122.466924, -122.464781, -122.464551, -122.464284, -122.466432, -122.467492, -122.472264, -122.472379, -122.472516, -122.472583, 37.786317, 37.787234, 37.787221, 37.788132, 37.788564, 37.784792, 37.781089, 37.78099, 37.780938, 37.780747, 37.782581, 37.784453, 37.786317)))"
06075042601,"Census Tract 426.01, San Francisco County, California",86773,125185,12090,14885,38412,7349.544072948328,9048.632218844985,11657.33859472776,19176.321988327167,3.2950917302318485,TRUE,"list(list(c(-122.48408, -122.478714, -122.478579, -122.478444, -122.47831, -122.479388, -122.482598, -122.483667, -122.483804, -122.483936, -122.48408, 37.785795, 37.786031, 37.784174, 37.782308, 37.780449, 37.780403, 37.780265, 37.780207, 37.782077, 37.783931, 37.785795)))"
06075042602,"Census Tract 426.02, San Francisco County, California",115382,191155,15888,21372,75773,9658.358662613982,12992.09726443769,16188.838234546043,26630.63889582824,4.680570582162271,TRUE,"list(list(c(-122.478714, -122.472583, -122.472516, -122.472379, -122.472264, -122.47831, -122.478444, -122.478579, -122.478714, 37.786031, 37.786317, 37.784453, 37.782581, 37.780747, 37.780449, 37.782308, 37.784174, 37.786031)))"
06075042700,"Census Tract 427, San Francisco County, California",87408,132223,12282,25186,44815,7466.261398176292,15310.63829787234,17034.10415472949,28021.101334530013,2.6308985546244408,TRUE,"list(list(c(-122.493491, -122.490364, -122.487151, -122.487286, -122.48408, -122.483936, -122.483804, -122.483667, -122.489019, -122.491172, -122.493305, -122.493446, -122.493491, 37.783498, 37.78364, 37.783785, 37.785649, 37.785795, 37.783931, 37.782077, 37.780207, 37.779977, 37.779869, 37.779752, 37.781627, 37.783498)))"
06075042800,"Census Tract 428, San Francisco County, California",273961,327820,38685,42463,53859,23516.717325227964,25813.37386018237,34919.42530741626,57442.45463069975,1.5423793354514717,FALSE,"list(list(c(-122.493338, -122.493048716406, -122.492883, -122.485827333182, -122.483985, -122.483799, -122.479845, -122.472352, -122.472583, -122.478714, -122.48408, -122.487286, -122.487151, -122.490364, -122.493491, -122.493338, 37.787403, 37.7879341073778, 37.787929, 37.7906121409026, 37.789769, 37.78774, 37.786796, 37.787234, 37.786317, 37.786031, 37.785795, 37.785649, 37.783785, 37.78364, 37.783498, 37.787403)))"
06075045100,"Census Tract 451, San Francisco County, California",106221,198912,17572,22996,92691,10682.066869300912,13979.331306990882,17593.41514291161,28941.1679100896,5.2685052473933816,TRUE,"list(list(c(-122.464284, -122.461068, -122.458878, -122.458505, -122.458371, -122.460553, -122.463749, -122.464011, -122.464284, 37.781089, 37.781227, 37.781326, 37.77619, 37.774309, 37.774031, 37.773624, 37.777235, 37.781089)))"
06075047600,"Census Tract 476, San Francisco County, California",98806,172423,12974,26749,73617,7886.930091185411,16260.790273556231,18072.547318621877,29729.34033913299,4.07341581140282,TRUE,"list(list(c(-122.479388, -122.47831, -122.472264, -122.472103, -122.471967, -122.471842, -122.471706, -122.478837, -122.478972, -122.479106, -122.479241, -122.479388, 37.780403, 37.780449, 37.780747, 37.778731, 37.776871, 37.775006, 37.773141, 37.772815, 37.774681, 37.776546, 37.778408, 37.780403)))"
06075047701,"Census Tract 477.01, San Francisco County, California",90636,113909,8993,14230,23273,5466.869300911854,8650.455927051671,10233.134793361996,16833.506735080486,2.2742786516499978,TRUE,"list(list(c(-122.489019, -122.483667, -122.482598, -122.479388, -122.479241, -122.479106, -122.482318, -122.488741, -122.488876, -122.489019, 37.779977, 37.780207, 37.780265, 37.780403, 37.778408, 37.776546, 37.7764, 37.776107, 37.777972, 37.779977)))"
06075047702,"Census Tract 477.02, San Francisco County, California",102022,159917,12321,18614,57895,7489.969604863222,11315.50151975684,13569.827534843405,22322.366294817402,4.266450686373304,TRUE,"list(list(c(-122.488741, -122.482318, -122.479106, -122.478972, -122.478837, -122.482049, -122.488471, -122.488606, -122.488741, 37.776107, 37.7764, 37.776546, 37.774681, 37.772815, 37.772667, 37.772374, 37.774241, 37.776107)))"
06075047801,"Census Tract 478.01, San Francisco County, California",98432,156389,12244,22317,57957,7443.1610942249235,13566.565349544073,15474.247718646404,25455.137497173335,3.745384011796713,TRUE,"list(list(c(-122.497455, -122.493168, -122.493305, -122.491172, -122.489019, -122.488876, -122.488741, -122.488606, -122.488471, -122.494903, -122.495039, -122.495175, -122.497319, -122.497455, 37.777579, 37.777774, 37.779752, 37.779869, 37.779977, 37.777972, 37.776107, 37.774241, 37.772374, 37.772081, 37.773947, 37.775813, 37.775715, 37.777579)))"
06075047802,"Census Tract 478.02, San Francisco County, California",87149,174085,8353,25241,86936,5077.811550151976,15344.072948328267,16162.448601077627,26587.227948772696,5.378887948587416,TRUE,"list(list(c(-122.498801, -122.493446, -122.493305, -122.493168, -122.497455, -122.497319, -122.495175, -122.495039, -122.494903, -122.498114, -122.49825, -122.498386, -122.498521, -122.498669, -122.498801, 37.781377, 37.781627, 37.779752, 37.777774, 37.777579, 37.775715, 37.775813, 37.773947, 37.772081, 37.771934, 37.7738, 37.775667, 37.777531, 37.779507, 37.781377)))"
06075047902,"Census Tract 479.02, San Francisco County, California",107646,143846,17592,17845,36200,10694.224924012158,10848.024316109422,15233.058730546014,25058.381611748195,2.376410453102904,TRUE,"list(list(c(-122.509879, -122.506509, -122.505226, -122.502012, -122.498801, -122.498669, -122.498521, -122.501733, -122.506022, -122.509228, -122.509593, -122.509879, 37.780627, 37.780857, 37.781077, 37.781227, 37.781377, 37.779507, 37.777531, 37.777385, 37.77719, 37.777044, 37.780173, 37.780627)))"
06075060100,"Census Tract 601, San Francisco County, California",202663,235188,30382,50097,32525,18469.300911854105,30454.103343465045,35616.955044291244,58589.8910478591,0.9131886754371265,FALSE,"list(list(c(-122.485783, -122.480296, -122.478083, -122.470336, -122.463793, -122.448241130218, -122.448241, -122.44946, -122.44782, -122.447466, -122.447303, -122.447015, -122.446728, -122.4463, -122.45274, -122.459476, -122.463581, -122.464781, -122.466924, -122.470912, -122.472352, -122.479845, -122.483799, -122.483985, -122.485827333182, -122.485783, 37.790629, 37.801293, 37.810828, 37.808671, 37.804653, 37.8072521685356, 37.804478, 37.802454, 37.801633, 37.79939, 37.798459, 37.796579, 37.794706, 
37.791879, 37.790974, 37.789711, 37.788806, 37.788564, 37.788132, 37.787221, 37.787234, 37.786796, 37.78774, 37.789769, 37.7906121409026, 37.790629)))"
06075060400,"Census Tract 604, San Francisco County, California",64778,114686,8104,46049,49908,4926.44376899696,27993.313069908814,28423.50127691901,46756.65960053177,1.7558709433354447,TRUE,"list(list(c(-122.506796, -122.505262, -122.502031, -122.501041, -122.499139, -122.497487, -122.496564, -122.499059, -122.497017, -122.493529, -122.492161, -122.48889, -122.486606, -122.483811, -122.484909, -122.485124, -122.485275, -122.477016, -122.472269, -122.471355, -122.471215, -122.471319, -122.486042, -122.502426880724, -122.506483, -122.508121548602, -122.506796, 37.735559, 37.735565, 37.735515, 37.7353, 37.734404, 37.733925, 37.733856, 37.731576, 37.729303, 37.729594, 37.728836, 37.730257, 
37.729555, 37.727029, 37.724032, 37.718575, 37.714823, 37.714593, 37.712838, 37.712802, 37.708939, 37.708305, 37.708233, 37.7081329861058, 37.723731, 37.7354395332202, 37.735559)))"
06075060502,"Census Tract 605.02, San Francisco County, California",39358,69343,7073,15478,29985,4299.696048632219,9409.118541033435,10344.99385354301,17017.51488907825,2.8985034137773384,TRUE,"list(list(c(-122.424478, -122.422811, -122.422241, -122.421475, -122.420908, -122.415635, -122.416, -122.416648, -122.419348, -122.420083, -122.420082, -122.42389, -122.423377, -122.424478, 37.71011, 37.710511, 37.711317, 37.712201, 37.713774, 37.712733, 37.711915, 37.710473, 37.709947, 37.708311, 37.708231, 37.708236, 37.709203, 37.71011)))"
06075061000,"Census Tract 610, San Francisco County, California",119526,120718,9930,21492,1192,6036.474164133739,13065.045592705166,14392.165808998965,23675.112755803297,0.0828228368001903,FALSE,"list(list(c(-122.405582, -122.404821, -122.404348, -122.403109, -122.402546, -122.400455, -122.398328, -122.398515, -122.397025, -122.396682, -122.393545, -122.391141, -122.387912, -122.386265, -122.38282, -122.383251, -122.374980911262, -122.377251, -122.379568, -122.37529, -122.390674, -122.39137503156, -122.393635, -122.395107, -122.404682, -122.405292, -122.405582, 37.708231, 37.709747, 37.710443, 37.711998, 37.712266, 37.713118, 37.716259, 37.717664, 37.719515, 37.720266, 37.718487, 37.71804, 
37.716328, 37.717179, 37.721872, 37.720151, 37.7155576312199, 37.714557, 37.711491, 37.708482, 37.70864, 37.708331, 37.708244, 37.708339, 37.708331, 37.708262, 37.708231)))"
06075061200,"Census Tract 612, San Francisco County, California",59541,116626,7333,30400,57085,4457.75075987842,18480.243161094226,19010.2848250721,31271.918537243604,3.002848222700603,TRUE,"list(list(c(-122.395945, -122.394093, -122.391268, -122.389425, -122.387705, -122.387143, -122.385282, -122.388529, -122.38717, -122.387399, -122.389035, -122.39106, -122.391617, -122.393904, -122.392776, -122.396515, -122.395945, 37.737784, 37.736729, 37.739853, 37.738803, 37.742697, 37.741297, 37.74024, 37.736475, 37.735698, 37.734738, 37.732919, 37.734066, 37.732487, 37.733788, 37.735038, 37.737156, 37.737784)))"
06075980300,"Census Tract 9803, San Francisco County, California",135115,117356,25599,38833,-17759,15561.702127659575,23606.686930091186,28274.409647689245,46511.403870448805,-0.6280944578961836,FALSE,"list(list(c(-122.513067688424, -122.511124, -122.505611, -122.498114, -122.494903, -122.488471, -122.482049, -122.478837, -122.471706, -122.466952, -122.465332, -122.463749, -122.460553, -122.458371, -122.454683, -122.454083, -122.450787, -122.447497, -122.444216, -122.440922, -122.440735, -122.445717, -122.4506, -122.453902, -122.453352, -122.452947, -122.456913, -122.45779, -122.458405, -122.46109, -122.464297, -122.47073, -122.477261, -122.484763, -122.486906, -122.493336, -122.496085, -122.502979, 
-122.50987, -122.512070759187, -122.513067688424, 37.7707830331714, 37.771323, 37.771592, 37.771934, 37.772081, 37.772374, 37.772667, 37.772815, 37.773141, 37.773351, 37.773423, 37.773624, 37.774031, 37.774309, 37.774755, 37.77193, 37.772368, 37.77279, 37.773212, 37.773635, 37.772713, 37.77208, 37.77146, 37.771054, 37.768246, 37.766374, 37.765874, 37.766015, 37.76616, 37.766132, 37.765963, 37.765779, 37.765486, 37.76516, 37.765054, 37.764774, 37.764675, 37.764344, 37.76409, 37.7636593024008, 37.7707830331714
)))"
06075980501,"Census Tract 9805.01, San Francisco County, California",47081,12443,13648,1808,-34638,8296.656534954407,1099.0881458966564,8369.140004292689,13767.235307061474,-4.138776502989975,TRUE,"list(list(c(-122.42667, -122.42639, -122.424555, -122.424848, -122.423807, -122.421847, -122.419875, -122.416632, -122.412969, -122.412468, -122.41099, -122.407036, -122.406665, -122.407272, -122.408171, -122.410433, -122.411316, -122.415396, -122.415291, -122.415635, -122.420908, -122.421475, -122.422241, -122.422811, -122.424478, -122.426737, -122.425548, -122.427189, -122.42667, 37.717078, 37.718561, 37.721648, 37.722053, 37.723691, 37.724199, 37.72471, 37.722157, 37.723858, 37.722658, 37.719074, 
37.720085, 37.719215, 37.71782, 37.716157, 37.716414, 37.714367, 37.715474, 37.713504, 37.712733, 37.713774, 37.712201, 37.711317, 37.710511, 37.71011, 37.711225, 37.714517, 37.715748, 37.717078)))"
06075980600,"Census Tract 9806, San Francisco County, California",65930,125113,17975,25894,59183,10927.051671732523,15741.033434650455,19161.95688930272,31521.419082902976,3.088567641702569,TRUE,"list(list(c(-122.385024, -122.382176, -122.377833, -122.379697, -122.378278, -122.377681, -122.37364, -122.369891892504, -122.367697, -122.365478, -122.356784, -122.360238, -122.364084, -122.370411, -122.374980911262, -122.383251, -122.38282, -122.384517, -122.386899, -122.385024, 37.724098, 37.722246, 37.72656, 37.727618, 37.728964, 37.72863, 37.728106, 37.7325512356194, 37.734943, 37.734621, 37.729505, 37.719421, 37.715701, 37.717572, 37.7155576312199, 37.720151, 37.721872, 37.722862, 37.724289, 
37.724098)))"
06075980900,"Census Tract 9809, San Francisco County, California",99593,117630,38203,47107,18037,23223.70820668693,28636.47416413374,36869.88304053102,60650.95760167353,0.48920686784311046,FALSE,"list(list(c(-122.406952, -122.40459, -122.403561, -122.403569, -122.402605, -122.396408, -122.394587, -122.390683, -122.381711, -122.380985, -122.378560351096, -122.376716, -122.376241, -122.373364367386, -122.376847, -122.37911, -122.380887, -122.381558, -122.385282, -122.387143, -122.387705, -122.389425, -122.391268, -122.394093, -122.395945, -122.399705, -122.406853, -122.406952, 37.740495, 37.744126, 37.747762, 37.749475, 37.750558, 37.751179, 37.752427, 37.752663, 37.753186, 37.753228, 37.7535517721854, 
37.752094, 37.748523, 37.7457632793685, 37.740192, 37.73768, 37.738828, 37.738123, 37.74024, 37.741297, 37.742697, 37.738803, 37.739853, 37.736729, 37.737784, 37.73992, 37.73805, 37.740495)))"
